id,people
1,中诉
1,徐畅
3,郑明津
3,郑明
3,陈新
4,弘扬忠
5,嘉应观
6,唐百姓
6,吴门画
6,谢晓婷
8,朱璇
9,范宇斌
9,晋保平
9,黄帝
11,扎西多杰
11,扎西多
12,陈靖姑
13,赵军辉
14,习近平
14,王晓光
15,杜美霜
16,刘恒甫
17,关帝
19,陈岚
21,艾山江
21,阿不都克
21,热木
22,黄惠华
23,黄觉升
23,吴志华
24,杨亭
24,杨亭心
27,裴剑峰
28,郑秉泽
29,王懿荣
30,胡大村
30,温来弟
30,胡开义
30,赵富荣
31,傅老庄村
31,魏
31,徐冯庄村
32,周宵鹏
34,方靓
35,崇川·国风
37,冯其谱
39,库尔班
39,尼亚孜
39,大禹
41,陈从周
42,沙龙
43,刘秀华
44,唐江英
45,谢巍
46,高格局
46,沙龙
47,守望者
47,布摩
47,论忠
49,尤培东
49,周落户
50,王潮歌
50,王儿
50,高窟
52,杨志纯
53,张浩然
53,赵伟
54,文成
54,桑曲
55,古琴·运河
57,布依山
57,祁大海
58,布依山
58,毛栗村
58,徐庭珍
58,祁大海
59,司官寨
60,王杰群
61,游·欢乐购
64,陆志强
65,李云
67,齐玫
68,陈树湘
72,彭邦本
72,李冰
72,谭继
72,王川
72,谭平等
74,缪梦羽
76,习近平
77,孔维睿
78,苏日娜
79,徐泽林
82,王迅
85,田炳
85,巟诞·荒诞
85,金文
86,袁
86,杨世昌
86,宋伯军
87,马丽云
87,佛山路
89,丁培介
89,丁培言语
89,中难
89,胡孝轩
90,周至前
92,备具
92,罗强
93,博场馆
93,周恩来
94,钱冠兰
94,罗潇
95,宋振中
96,佛光岩
99,毕燕
99,苏玉新
99,程伟
100,屠雪松
101,邹杰
105,北疆·草原
105,北疆·大国
106,侯汉敏
107,侯汉敏
107,康菊
107,李梦婷
107,依明·亚森
107,加尔肯·努素别克
111,张大爷
113,黄旖旎
114,后记
117,卢德铭
117,李仲权
117,李筱亭
119,万里
119,话题潮
119,张玮
120,宣思
126,于锋
128,郑欣淼
128,陈丽华
129,曹素
129,胡世金
129,刘洁
130,升明月
131,姜军
132,吉喆
133,帕潘特拉市
133,罗梅罗·冈萨雷斯
134,余文华
134,陈福利
134,王
134,周意
135,蔡华伟
135,来信版
135,金武刚
136,金武刚
137,金武刚
138,宫崎
138,贺生辰
140,马尾荷包
140,记忆馆
140,杨满福
143,朱玉国
144,陈登祥
145,Posner
148,绸吊
150,冉茂金
150,张洪生
152,刘艺琳
153,刘微
153,孔子
155,王雄昌
155,陈燕
155,周小燕
156,海丝·艺荟
157,王一民
158,王星
158,张晨牧
158,永庆坊
161,郭冬临
161,孙晓云
162,朱彦霏
162,李志松
163,朱其摄
163,理响·天天
163,民·天天
163,靖善
164,周星
164,魏鹏举
165,周文安
165,龙咀
166,周虔
166,江背段
166,金洲村
166,江背镇
167,周萍
167,沙4月
167,郑佳明
168,文轩
168,首发会
168,李独懿
169,周俊
169,亚沙馆
170,周君
171,周国伟
171,李宗鸿
172,普吉孔院
172,杨文波
173,田川流
173,楚小庆
174,庄学
174,庄子
175,陈
178,杜甫千诗碑
180,刘波
182,钟见
183,钟欢
184,杨楠
184,佴斌
184,米线节
184,刘雯琦
185,刘任远
185,毕岚祺
185,拉斐尔
192,胡和平
192,习近平
195,郑起朝
196,魏鹏
196,魏鹏举
196,崔辰光
197,黄坤明
197,习近平
198,黄坤明
198,习近平
199,黄坤明
200,赵秀玲
200,阎晓宏
200,刘金华
200,孔明
200,李陶
200,王恒
200,翁培民
201,冯志军
201,苏伯民
201,平山郁夫
201,马强
202,达摩
202,普意雅
203,谷来镇
203,宋兴
203,孙宋兴
203,赵爱庆
205,欧渤芊
205,基摄
206,史家营乡
208,陈秀平
209,杨一
211,宋氏
212,南宁·三街
212,宋延康
215,伊费
215,奥玛·安扬
215,库致辞
217,习近平
218,习近平
219,何金英
220,苏东坡
221,胡冰
222,习近平
222,安宁宁
223,吴峥
223,刘思源
223,丁曌
223,王世云
223,董事西
223,焦贤
224,文化兴
225,田温室
226,馆临
226,杨晓光
227,周斌
227,雅加达电
228,金仁镐
228,金辰坤
228,葛巧棣
228,王炜
228,曲欢
229,薛剑
229,孟祥国
230,阮平
230,黄玮璋
231,高富贵
232,陶溪川
233,李屹
233,严昭柱
234,胡和平
234,官黄熙
235,卢旭
235,王晨
239,王琛
239,马晓楠
239,王琛深
239,王琛说
240,李新伟
242,刘政宁
242,谢佳洁
243,汪传
245,凝侨
245,林小莹
245,蔡丹君
246,刘颖颖
246,魏玺滟
248,习近平
250,伍迁
255,彭恒礼
255,程健君
255,杨英锋
257,黄坤明
257,习近平
259,张静淇
259,姚建军
261,刘泓
262,莫蓝翔
267,贺阳
268,杨文娟
268,赵拔群
268,赵志勇
268,何江华
269,内涵化
269,孙庆玲
271,郑黄帝
277,孙敏菁
278,米粉美食
280,刘佳佳
285,王爱琴
286,张婷
286,黄敏
287,荣缺
287,刘向国
288,荣缺
288,刘向国
290,张建松
297,沈勇
299,忠君爱国
299,唐
300,郭伟成
301,杨帆
301,周云凤
301,周文娟
301,朱国夫
302,董有成
302,闫险峰
302,宁镇扬
304,闫贤良
305,田镇布
305,冉坤美
305,刘忠平
305,陈姣姣
306,邓槽
307,谢利根
307,宋韵文
309,白泉镇
309,王家园
309,朱雪菲
312,杨朝明
314,徐娜
319,丁真
320,湘见·沱江
320,光影秀
320,赖志林
321,褚晓波
323,莫愁
326,石炭井
328,新见·书山
328,李德学
329,赵红薇
329,周永
331,徐娜
331,程万
332,田力
333,陈建平
335,邱晓伟
336,王莲花
337,浙疆
338,李群
338,莫高义
338,明文军
338,徐贱云
338,马文
339,郑韩路
340,秋诗会
341,刘淼
342,汤斯惟
343,叶口村
344,文成
344,刘基
344,刘基经
346,刘宽忍
346,黄赞
346,王福豹
346,张莉娟
346,吴志毅
346,高莉
349,琳琅美器
349,金良
350,黄楚钰
350,何莘烨
351,姜鸣
353,王立超
354,徐渭
354,师爷馆
357,阮竣
357,创IP
357,树德里
358,时志强
359,胡智轩
361,本固枝荣
361,王
366,金菊
370,萨马亚
370,张文萍
370,李正东
370,丁文
370,刘雄马
371,黄腔
371,酒风
372,伍勇
375,文化市
376,保护所
376,傅文元
376,王志峰
376,丁小强
377,许驸
377,黄公祠
378,安雅
380,沙龙
381,望城人
383,晋疆情
383,丁永平
384,郭家湾
384,张家文
384,郭家湾村
386,李超超
387,黄伟
390,黄帝
390,陶渊
390,陶渊明
391,福州线
392,曹状元
392,语文组
392,涵养人
392,刘欢
392,张海莲
393,陈靖
395,茅盾
396,李子柒
396,吴蘅
399,蔡超
399,许忠旭
400,赵昂
400,王祝炫
401,董殿毅
402,汀县
402,童坊镇
402,林鹏盛
403,吕珍珍
406,旅共
406,苏州菜
406,彭魏滨
407,钟菡
407,施丽君
408,宋风古城
409,王建国
409,江姐班
410,马萧林
416,朱家峪
416,石匣村
417,张聿修
417,张聿
418,张岩
419,张泰源
420,张庆伟
420,习近平
421,张庆杰
421,西山泉·主题
422,张启民
423,张雷
424,张江毅
424,陈博
425,张建永
426,张建伟
426,周
426,秦
426,唐历史
427,张海峰
427,周官网
428,张国田
428,国田
428,武乡县
429,麦扣
430,李旎
430,GLOBAL
431,居来提·阿布
433,梅摄
436,秦雯
441,陈志玲
441,内地线
442,西湖村
442,周唱
443,敬旧
446,刘雨瑞
449,杨柳
450,方非
453,西化派
456,谭宝硕
456,刘魁立
456,何善蒙
457,千金镇
457,贾寨镇
460,黄智贤
460,沈逸
460,何婕
461,唐
462,唐
465,东营人
466,细雨天
466,吴女士
467,杨桂芳
467,李甜
468,赵莹
469,蔡伟振
472,钟建波
473,张海说
473,张海
474,贾来发
474,黄草坝
476,恩跟党
477,杨光远
480,日华侨
480,罗玉泉
481,谢秋
481,宋宗军
483,张盖伦
484,沚区
484,李琤说
484,江涛
484,王奕扬
484,杨锋
485,朱富康
485,梅俊明
485,刘珍
486,达瓦
487,薛云生
487,南称
489,何金萍
489,李羚蔚
489,高迪
489,赵凯
490,王作平
490,蜀中
490,桃子
492,成龙
494,叶国营
498,熊程
498,河南·戏剧
502,张志军
502,杨毅周
508,张建新
508,王冰珂
510,王晓东
511,田强
511,郑卫国
512,梁淑琼
513,鸠山由纪夫
513,刘宁申
515,林徽因
515,梁思成
515,杨凤一
516,胡彬彬
518,沙龙
520,余辉
520,尼玛泽仁
520,辛丑牛年
520,孟祥顺
522,陈润儿
522,咸辉
522,崔波
523,唐俑动
523,闫伟
524,阿丽耶
524,田做客
526,司马迁
527,田凯看来
527,汤雁
528,孟德富
528,吴
529,尚廉
529,山二
531,晟英剧
532,曹祎遐
536,王中看来
538,金秀
540,沈承礼
541,库飞跃
541,吕庄村
542,王玺昌
543,悟思
544,依托廉
544,尚廉
545,戚
545,科林·伦福儒
548,荣兴村
548,辑里村
549,谢文禧
551,兹尼
551,阿劳若
551,谢多夫
551,苏格拉底
551,齐白石
551,达·芬奇
553,泸州河
553,马娜
554,杨氏泥
556,林西镇
558,杨钊
559,谌利
561,南宁·三街
561,秀点
561,黄
564,文旅局
564,古道·京张
566,王守常
566,谢维和
566,王杰
566,吴谨
566,吴颖惠
566,谢维
570,黄政仁
571,王黎光
571,许知俊
572,夏文
573,单钢
574,王斌
576,单霁翔
576,王蒙
576,监彝伦堂
578,明德慎罚
578,史自强
579,明珠灿
580,多赢性
582,李铁
583,霍庆
583,霍庆顺
586,鼓·舞豫园
588,钟管镇
588,白羽
589,郭建勋
589,屈原
589,肖永明
589,朱熹
590,文化市
591,陈征
591,陈路
592,圩美·磨滩
592,沈福村
593,焦雅辉
596,吴玉圣
596,借短
597,姜文军
598,唐召明
601,龚如清
601,杨斌
604,中和
606,杨传文
606,丁素玲
609,何文隆
609,何赤华
609,孙建军
611,陈佳颖
612,德尔塔
612,阿文版
612,法文版
612,德文版
614,畔颂党恩
615,兰世杰
615,白塔乡
616,习近平
618,杨丽
618,乌蒙绣娘
619,糯垌镇
619,依托村
620,杨永明
621,张薇
622,张盖伦
623,薛
625,本展区
627,刘智强
631,旅彰文
632,柏杨
633,王永礼
634,石峡村
638,巴士游
640,冯亚宏
640,蜀文化
641,刘伟泽
641,刘卿
641,福建特
644,周鑫
646,骆学峰
647,沈宏远
651,张闯
652,梁祝
652,梁山伯
652,祝英台
654,洋主播
654,永昌堡
654,钟秀园
654,麦麦酒
655,王阳明
657,覃志坚
657,周
660,王茂森
661,王茂森
664,谭明海
666,陈少荣
666,姚晓英
667,王一鸥
667,陈远平
667,李爱武
667,韩少功
674,屈原
675,贾天勇
675,黄友义
678,袁杰
679,宋秀林
680,杨润德
680,韩雪冰
681,兔灯
683,林辉
683,卞军
683,吴恩儿
684,罗纹砚
684,武安楼
686,文化兴
689,张欢
689,沙龙
690,陈璧耀
698,李龙
698,主参观
699,谭锦球
699,李秀恒
699,马逢国
700,习近平
700,王可然
700,靳东
701,习近平
701,王可然
701,靳东
703,玉虹桥
703,白洋
704,旅兴县
707,记红色
709,北文
709,杨熳
710,陈燕
710,思琪
710,喧天声
714,刘玲
717,张楠
718,何灏浩
719,丁素云
719,朱弦踏歌
719,韩玉龙
722,尹星云
722,康庄镇
725,肖天星
728,陈振濂
729,张继焦
729,肖冰
730,郑市裴
730,李岗村
730,李岗·磁山
733,罗敏慧
733,胡嘉琳
733,爱国力
733,邓晓芳
733,段秋霞
734,周旨
734,李洋)
737,阿不力孜
739,宋晓冬
741,宋新潮
742,李卓群
744,阿蛮
745,西城·浸享
747,王玉娥
750,永年镇
750,赵化镇
750,代寺镇
750,乔书屋
751,陈伟芳
754,沙龙
755,阿尔乔姆·科布泽夫
755,科布泽夫
756,朱训德
756,汪雪梅
757,文牌
758,周红
761,朱秀萍
762,扎花
762,杨宏斌
762,树坤
762,张翰敏
762,段树坤
762,郭
763,冼星海
765,金晶
765,艾斯凯尔·凯赛尔
765,刘瑞
766,周
766,米罗版画
766,黄晓瑜
767,吴雅琳
769,廉韵
773,陈虹
777,梁启超
777,曹禺
779,细从实
782,杨文良
782,孙德锐
783,荣获一
784,李金生
784,常沙娜
784,秋童
785,李金生
785,常沙娜
785,秋童
786,莫德格玛
787,木
787,陈怡希
790,道哲学
791,辛长青
794,阿娜
795,贾乐堂
795,龚正龙
800,钟秉林
800,吴健看来
803,胡循锋
804,旅实
804,黄省区
806,邱逸
807,吴换炎
807,施雪琴
807,吴添泉
808,施昕
808,夏鼐
808,方辉
810,林列入
810,刘灿
812,夏好市
814,陈芝麻
818,丁仲礼
818,祝善忠
819,姚远
819,龙翔
822,康瑛
825,夏景如画
825,吴寿宜
826,梁
828,依托镇
828,安仁
828,刘海天
828,张博
828,王凡
828,吴舒婷
831,黄泥乡
831,李华摄
832,张立摄
833,陈西加
833,孔子
834,李茜
835,依托汉
835,汉牡丹
838,昆仑镇
839,王氏
840,李鸣宇
840,林
841,王女士
844,鲁迅
846,刘卿
846,陈闻
848,张苑
849,王申村
849,李润民
849,许新祥
849,杨珏
849,李建斌
850,陶出
851,千户赛
851,斗牛场
851,坐妹·三江
853,马尾绣
856,田汉
856,洪深
856,冼星海
858,郎朗
859,周宴
859,梁垛镇
859,扼虎
860,李端棻
860,李声应
860,冯祖贻
861,夏
861,罗店人
861,王
862,李贞生
862,李氏家
862,李贞
864,郭宗光
869,王兴华
869,苏德胜
869,封葑
871,文清
875,虬劲
875,黄羊钱
875,吴忠老
880,狄仁杰
880,张玉凤
880,爱廉
880,薛山
881,白雁
881,习近平
881,莫高精神
881,季羡林
882,习近平
883,习近平
884,草坪村
885,娄勤俭
885,娄
886,吴为山
886,曹文轩
888,李敬杰
888,杨博
888,李浩
889,王杰生
889,王杰班
892,沙果酱
893,胡适
893,李大钊
893,蔡元培
893,陈独秀
894,王天翊
897,习近平
897,孙春兰
898,邓小平
899,习近平
900,张旭
900,习近平
900,马逢国
907,安特生
907,孟苗
908,安特生
909,陈点
910,李秉新
911,李长华
912,李长华
914,杨庙镇
914,石榴家
915,杨情夏
915,杨梅季
915,漳州港
916,杨洁篪
916,习近平
917,杨洁篪
917,习近平
918,杨逢春
919,杨斌
920,王阳明
921,符小亮
922,杨赛君
922,曹阳
923,王璐
926,高尚德
926,曹福亮
927,赵声良
928,兰宗贤
929,嘉职院
930,王小兵
932,闫峰
932,单霁翔
932,周文彰
932,卜宪群
933,赵万
935,穆鹏
940,巡游队
940,伍身
946,闵庆文
947,匈方
947,伊姆雷·豪毛尔
947,米兰
949,许鹏怀
949,瓯窑
950,许麟
950,王晨
951,文物股
951,王建荣
951,徐旨畏
952,徐萍
953,徐蕾
956,陈红玲
959,兴酣
959,陶球
961,汜水村
962,谢晓婷
963,次仁
967,牛文化
968,霍亚平
968,轩辕
968,颁奖仪
969,巡检率
970,陈锋)
970,Laura Marshall
971,袁继业
971,王丹
972,殿移
974,菲
975,麦丽克扎提·麦麦提
976,李学
976,逛古
977,库尔班·尼亚孜
977,胡玛尔·米吉提说
977,张宣宣
977,库尔班
978,轮台
978,林公园
981,阿比拜
985,李崴
985,陈博
985,吴永荣
986,杨光
987,刘默涵
987,刘建洋
988,张格
988,沙拉开
988,文化湖
989,陈竺
990,李浩
990,蒋超
990,穆罕默德·萨利姆·马兹哈尔
991,于帅帅
991,李克强
991,胡和平
991,李群以
991,基基利亚斯
992,蔡馨逸
992,柯昌万
993,喻珮
993,黄
993,夏黄
993,陈光菊
993,江夏黄
994,张永兴
994,罗茜·阿克巴尔
994,贝尔纳黛特·加尼劳
994,孙杰
995,黄坤明
995,习近平
996,陈爱平
996,许晓青
996,褚晓波
996,李白
997,王婧媛
997,王安妮
998,吴凯翔
998,殷晓圣
998,金桂飘香
998,王阳明
998,甬台
999,胡佳丽
999,王业鑫
999,蒋宁华
1000,陆华东
1001,帕多瓦
1001,帕多瓦市
1001,焦尔达尼
1001,博尔贡佐尼
1001,西比勒尔
1001,辛根市
1001,福格尔
1001,德比埃
1001,斯帕市
1001,德莱特
1001,陈占杰
1001,潘革平
1003,邓云锋
1004,周润健
1004,梁志仁
1004,黄春艳
1005,周牧
1005,话国
1006,张金加
1006,李寒芳
1006,刘刚
1006,王家瑞
1006,宋基会
1007,张博文
1008,徐昱
1008,贴福字
1009,吕小炜
1009,领一时
1009,吴韵怡
1009,郑志刚
1010,晋美
1011,陈泽国
1012,卢怀谦
1012,郭磊
1012,郭宗光
1013,段菁菁
1013,张旭
1014,张晓亮
1015,井上
1015,嘉阳乐
1015,波切
1017,习近平
1019,刘俊海
1020,王晨
1021,李克强
1023,余俊杰
1025,链效
1027,余俊杰
1027,周玮
1027,科齐
1028,周玮
1029,余俊杰
1029,周玮
1029,李宏
1030,张漫子
1030,文旅局
1032,黄坤明
1034,黄坤明
1034,习近平
1035,郭鑫
1035,刘骏致
1036,玛丽亚·加布里埃尔
1038,秦
1039,习近平
1040,刘照江
1042,马泗乡
1042,马泗
1042,韦覃球
1042,冯俊铭
1043,谢亚彻
1044,杨世尧
1044,刘五代
1044,靰鞡鞋
1045,香香
1045,启荒
1046,文化焕
1046,王媛媛
1046,唐
1047,李建设
1049,毛玉婷
1049,魏涵妮
1049,高晓昧
1049,张涵
1050,肖慈杰
1050,杨杰
1050,李晓声
1050,彭治力
1051,谷园
1051,金谷园
1052,四治
1052,南屯村
1052,王博
1052,赵明辰
1053,卡夫卡
1054,卡夫卡
1055,吴桐
1055,郭晟
1055,鲁迅
1055,陈望道
1055,刘开渠
1056,富摄
1057,陈慈黉
1057,林古港
1057,宫戏台
1058,小布
1059,萧兵
1060,郭晨曦
1060,罗翊宁
1060,Wendy
1061,马建军
1061,汉长城
1061,秦长城
1061,刘军
1062,李春珂
1065,李振兴
1066,刘德江
1066,旅康
1066,王平村
1067,普利兹克奖
1070,文旅业
1071,毛
1071,循伟人
1072,王晓峰
1072,殷美根
1072,谢卫江
1072,吴文学
1072,胡呈军
1072,张志初
1072,孟姣燕
1073,柯士甸
1077,白云亭
1080,张百姓
1083,范迪安
1084,杨疃镇
1084,王庆明
1087,梁智精
1087,李巍
1088,李巍
1089,论竹
1089,曲模式
1092,刘绍坚
1092,范周
1094,醉龙杯
1094,孙中山
1095,陈奕颖
1097,云交流
1097,云互动
1098,李美凤
1099,陈素珍
1100,宋春华
1100,杨保军
1100,陈志光
1101,孙泷泽
1101,肖冰
1106,庄慧琼
1106,邓健君
1106,黄钦实
1107,夏海滨
1107,张萌
1107,郑素描
1108,夏海滨
1108,孔子
1110,王晓彤
1113,撮镇镇
1113,贾海威
1113,李文思
1113,王凤莲
1116,钱程
1118,习近平
1119,习
1120,习近平
1121,习近平
1122,习近平
1123,习近平
1124,习近平
1125,习近平
1126,习近平
1127,习近平
1128,习近平
1129,习近平
1130,习近平
1130,陆彩霞
1130,李健说
1130,王晓峰
1131,习近平
1131,朱光潜
1132,习近平
1132,评书
1133,习近平
1134,习近平
1134,李克强
1134,汪洋
1134,韩正
1135,习近平
1136,习近平
1138,伊尔瓦
1138,汪文
1138,曹贝贝
1140,马栏山视
1143,吴志华
1145,扎西
1147,李玉兴
1148,韦鹏
1148,沈方丽
1149,王庙街
1151,肖传江
1153,旅彰文
1153,王泳
1154,吴宜夏
1155,白晓莉
1155,张群
1156,戴吉坤
1156,肖云儒
1157,吴春
1158,文旅局
1160,陈晓峰
1161,武瑞征
1162,王郭骥
1163,汤晗
1163,冰冰
1163,余亚心
1166,王依凡
1166,金雨蒙
1166,金
1166,蔡甸生
1168,伍艺涛
1168,白莲洞
1169,伍凤秋
1169,张春平
1171,郭勒乌
1171,奥威马
1175,举旗帜
1179,刘现虹
1181,唐坚
1181,李秋燕
1182,徐经生
1183,吴氏祠
1183,史志碑
1183,敬贤
1183,黄渠河
1183,吴氏祠堂
1183,吴集村
1184,吴林燚
1184,丁勇
1185,吴桂英
1186,李东平
1186,崔
1186,高境·夜来香
1189,霍文
1189,陈霜
1189,扎尔格勒赛汗
1192,蒂姆·卡斯佩斯
1196,省文化
1196,李欣
1196,唐仲蔚
1198,黄云峰
1201,习近平
1201,辽菜
1203,盛湾镇
1203,邹林峰
1206,张斌
1213,魏玉萍
1215,尤小刚
1216,张旭
1218,张凯丽
1221,梅亭
1223,王莘阁
1224,省文化
1224,省作协
1225,廖世锋
1225,皿帖村
1225,王勤
1226,文一
1227,曹铮
1229,李浩摄
1229,文溯
1229,凤凰楼
1229,李声能
1231,高广生
1233,林峡谷
1236,帕提曼·阿尤普
1236,阿斯古丽·亚生
1236,杨庆玲
1237,习近平
1238,王波
1238,邓楠
1242,赵
1242,王新河
1243,木胜玉
1245,喀瓦克村
1253,杨福霞
1254,文化兴
1256,赵琳
1260,吴林燚
1260,杨靖
1260,赵雪
1260,杨彥盈
1260,丁伟
1260,鑫
1262,麻卓民
1265,平察
1265,习近平
1265,光明
1266,习近平
1267,习近平
1268,习近平
1269,汪琼
1271,习近平
1272,胡健
1273,习近平
1275,陈霞说
1275,克热木·伊卜拉
1275,王养奇
1276,永乐乡
1278,庄道
1283,梁洪文
1283,孔维克
1283,常朝晖
1288,南明
1289,布尔
1294,王颖
1300,莫高里
1302,明道
1302,高关怀
1304,文化兴
1305,文化市
1306,恩·庆国庆
1306,白云杯
1306,梁婧
1307,陈若天
1313,习近平
1316,刘克智
1317,余昌国
1318,荣登榜
1318,骆
1321,尚雅
1322,陈
1322,胡和平
1322,王君
1322,习近平
1322,陈全国
1322,李群
1323,办公共
1324,李群
1325,李群
1325,王心富
1325,孙述涛
1325,黄红光
1325,赵桂德
1325,王磊主
1328,胡和平
1328,习近平
1329,胡和平
1329,李群
1330,胡和平
1331,郑海鸥
1332,周玮
1334,侯振刚
1335,胡和平
1335,李群说
1336,郭斌
1337,陈博
1343,王
1344,吴雨阳
1346,婺商
1347,代表村
1347,达赖
1347,玉泉区
1347,崔峻峰
1348,彭红玲
1348,洪雪雁
1349,高天琼
1350,汉青
1351,王巍说
1352,朱用文
1352,田富村
1357,马泗乡
1357,冯俊铭
1358,鲁文化
1359,刘基
1359,温州学
1359,盖庆武
1359,陈支平
1360,魏学峰
1361,魏薇
1362,彭学斌
1362,江称
1365,坡头镇
1365,裴
1365,许召东
1365,杜八联
1366,黄昌勇
1366,王飞
1366,焦裕禄
1367,金巍
1368,金巍
1369,赋能量
1369,陶承志
1369,贾铮
1369,王秒
1370,杨建武
1371,毛泽东
1372,辛丑年
1372,岁·书香
1376,钟菲
1377,规矩·守清廉
1377,赏明月·画清廉
1377,靳琪
1378,规矩·守清廉
1378,赏明月·画清廉
1378,林潇
1380,布隆
1381,波波糖
1381,芝麻味
1381,马官镇
1385,瓦塘镇
1386,文旅局
1386,田蓉
1388,陈晓睿
1388,牛鑫
1389,陈君凡
1391,林庆洋
1395,王轶作
1395,魏鹏举
1395,宋洋洋
1395,贾旭东
1395,齐悦
1395,彭英柯
1398,马雁飞
1398,阿柔娜
1399,罗凯
1402,黄俊程
1402,廖新兰
1403,朱德旧
1406,杨庄镇
1407,王启立
1408,赵斌
1408,宋磊
1410,谢晨
1413,室成员
1413,孙财汇
1415,吴玉光
1416,杨柳青镇
1416,李华东
1416,明清街
1417,杨柳青镇
1417,李华东
1417,明清街
1418,习近平
1418,谭军
1423,杨波带队
1423,杨波主
1423,唐咸历
1423,杨波
1426,杨博文
1426,黄新建
1430,皖电
1431,张占铎
1436,田文化
1437,吉海东
1439,恒廉·长安
1440,孙杰峰
1440,明德
1440,王陇江
1441,罗梦婷
1442,郭象峥
1444,陈良琼
1451,旅商
1451,创享塔
1451,周涵嫣
1453,康丽摄
1453,陈耀辉
1454,朱巷镇
1454,朱巷
1456,大德敦化
1459,王擢贤
1460,阿妹们
1461,张春竹
1462,张杰
1463,银币券
1463,云展厅
1464,黄合少镇
1464,苏国辉
1465,刘政宁
1465,陈元媛
1465,庞俊梅
1467,金红敏
1467,张笑天
1467,安佰军
1467,秦大勇
1467,魏向军
1470,列文
1472,陈妍姿
1473,温州学
1474,南岗村
1477,周礼佾舞
1478,英模路
1478,护苗·绿书签
1479,朱紫坊
1483,沈曙虹
1486,素甘雅
1488,翦伯赞
1488,郭沫若
1488,侯外庐
1490,张宏亮
1490,沙洲村
1490,李德仁
1491,老舍
1492,陈场馆
1492,钱诚
1492,向婧
1494,王晓江
1494,原阳
1496,田文化
1496,阿瓦汗·马木提
1496,阿卜杜克
1497,云展厅
1497,云剧场
1498,杨晓龙
1500,平安巴村
1500,巴村
1501,张喆
1502,赵明
1502,温乐平
1502,卜宪群
1506,陈永志
1506,武成
1507,参展方
1510,胡榜航
1510,李倩
1511,周
1511,何信伶
1511,黄海玲
1513,吴多
1513,廖雪明
1515,李俊说
1516,王凡
1516,彭茜
1519,慎终如始
1522,西巷
1522,刘军
1524,依托文
1525,周敦
1525,陈文化
1525,jxjjggb
1526,乐鱼丸
1527,尚廉
1527,蒋娟娟
1529,尚廉
1530,宋庆林
1530,岳巧明
1530,岳飞
1530,纪念章
1531,唐宇宸
1532,平津馆
1532,祁雅楠
1532,刘茵
1533,牛蹄村
1533,舒奇峰
1533,王若飞
1533,黄齐生
1534,张晓冉
1534,王
1534,杨国奇
1534,王昊
1534,胡雪瑶
1537,黄岗村
1537,黄孝武
1537,曾智珍
1537,旅引
1537,王军
1539,周和平
1539,郝占延
1539,张立朝
1539,谭佳峰
1539,赵智勇
1539,周云岳
1540,陈大纲
1541,杨匏安
1541,郝泽辰
1544,何苗
1544,唐咪
1545,清流·丽江
1545,榜样·丽江
1545,智慧·丽江
1546,唐爱民
1546,冯晓英
1546,李书鹏
1552,巴桑
1552,卓嘎
1553,田驻地
1554,王俊霞
1556,韩文生
1556,柏灵嘴
1557,谢定安
1557,张恒铭
1558,吴倩
1558,苗皓婵
1560,杨靖宇
1560,韩刚
1564,汪瑞华
1566,董子
1568,周
1568,阿数字
1568,沙龙
1568,阿电
1570,范生栋
1571,郑场镇
1572,刘金鹏
1573,张红艳
1574,旅示
1574,张锡纯
1576,香源
1578,刘东生
1580,赵松
1581,宁溪镇
1582,巴哈力
1584,刘欣羽
1584,张金玲
1585,葡萄镇
1585,黄惠玲
1585,唐要兰
1585,张书湘
1590,赏明月·画清廉
1590,规矩·守清廉
1590,王璐璐
1591,簸米
1592,骆
1595,孙羽彤
1596,荣巷
1596,荣梅
1597,陆宏夏
1604,徐淑杰
1605,山岸
1606,李芸
1606,侯继军
1606,乔向华
1607,陈筱洁
1607,王一川
1607,高春明
1607,杨燕娜
1607,杨永发
1607,夏
1609,张杨
1611,黄码
1613,黄柏乡
1613,龙文武
1613,搬迁站
1615,初心·美好
1616,梁妙玲
1617,古中幡
1620,陈霞丽
1621,王志芬
1624,阿丽米热
1625,张婉馨
1627,沙龙
1627,贺云翱
1627,代旭
1627,万震
1627,张帅
1627,刘沁松
1627,吴晓军
1628,院史馆
1628,针灸馆
1628,黄兆欣
1629,院史馆
1629,黄兆欣
1639,梁海兰
1639,李园长
1640,梁海兰
1641,丹噶尔
1641,艾黎
1643,史家营乡
1643,文彰
1648,手讲
1648,黄帆帆
1650,姚
1650,张蕙
1651,任江
1653,聂
1653,梁栋
1656,唐云平
1657,宋曼
1659,黄楚瑜
1659,黄锡宏
1659,汕潮
1660,董尉
1660,杨氏
1660,殷铤
1667,郑东波
1668,京湘
1668,王世元
1669,潘鲁生
1669,吴为山
1670,杨波带队
1670,杨波
1671,马可说
1671,马可
1671,李小龙
1671,成龙
1671,马克说
1671,许强力
1672,索伦杯
1672,党走·守望
1672,温克旗
1672,伊敏河
1672,巴彦嵯岗苏木
1673,民心·惠民
1674,张一鸣
1674,森舞
1674,柏林熊
1678,潘锦
1679,王祖伟
1680,王致
1681,王正荣
1681,王七章
1682,王予波
1683,王勇
1683,李瑛
1683,张颐武
1683,傅勇
1683,林向
1684,王勇超
1685,王轩
1685,王祖能
1685,周建伟
1686,王靖
1687,王嘉毅
1687,省长城
1688,王安德
1689,汪垠
1689,黄茗
1690,汪华君
1690,王锐
1690,花开·相约
1690,杨如松
1691,江文
1691,张大千
1691,兰萍
1692,欧阳瑜
1693,洛神
1693,何灏浩
1694,王清平
1697,朱村
1697,汪塘
1698,石门乡
1698,里庄村
1698,瓷文化
1699,吴海涛
1700,戚继光
1702,霍洛旗
1704,袁泉致
1704,袁泉
1705,阿提卡省
1705,帕图里斯
1707,文艺园
1710,习近平
1710,张春景
1710,蒋胜男
1711,习近平
1712,卢卡·费拉里
1712,王春情
1714,麦家
1715,王佳豪
1715,习近平
1717,齐岚森
1718,何学彬
1719,曾丽应邀
1719,曾丽说
1719,刘辉
1720,拉姆
1720,米玛旺堆
1721,韩集镇
1721,王复娥村
1721,王金荣
1721,王洪胜
1721,黄建新
1721,陈凯歌
1721,徐克
1721,林超贤
1721,兰晓龙
1721,梅生
1721,王树增
1721,伍万
1721,伍千
1723,张闻天
1723,蔡斐
1723,光明
1723,蔡斐说
1723,张家宅
1723,萧楚女
1723,萧楚
1723,南鸿社
1723,王陵基
1723,旧道德
1723,孙中山
1723,杨闇公
1723,黄琪奥
1724,奥文化
1726,鲁婧
1726,云展厅
1726,央国企
1728,黄秋月
1730,张玲
1732,王阳明
1737,刘坚好
1737,朱海镜
1738,习近平
1742,马厂街
1743,金秀
1744,杨文宗
1745,石传英
1746,谢钦
1746,文致
1748,李佩珊
1748,周永平
1748,涌泉村
1753,拉萨师
1753,余凤萍
1753,陈敬林
1753,江白
1753,习近平
1756,大禹
1758,尹星云
1759,赵杰昌
1759,石雨鑫
1759,周公馆
1760,王
1760,禹
1760,荣
1760,禹新荣
1761,邱洪斌
1761,张锦辉
1762,王敬说
1763,胡炜
1763,梁
1763,江宏道
1765,李苏榕
1766,李苏榕
1768,木黄
1769,王大可
1770,杨建梅
1770,张兴
1774,王雨嫣
1775,阿拉亚
1776,朱子
1776,习近平
1776,福建造
1777,龙文
1777,杨会
1784,何云雄
1787,夏文
1787,明根
1787,文化兴
1788,云展览
1790,杨顺春
1793,许昆林
1794,云展览
1795,林铭鸿
1795,记忆·传承
1797,元宝岛
1797,徐恒秋
1798,元宝岛
1798,徐恒秋
1799,元宝岛
1799,徐恒秋
1801,崔新耀
1802,杨俊
1803,彭祖山
1804,黄秋月
1806,袁海芸
1807,陶晨
1808,邯郸军
1808,刘韶旭
1808,崔海山
1808,魏少
1808,魏行
1808,粉皮坊
1810,阿勒泰—
1810,阿勒泰油
1810,吕文
1811,陶渊明
1811,依墟
1811,刘红家
1811,刘红
1811,刘红说
1811,林辖区
1811,陈静
1811,夏刚容
1811,阿妹
1811,杨雯
1812,陶群
1814,李白抒
1814,杜甫感
1814,(曹
1815,文化焕
1817,杨丹丹
1817,李建平
1817,张霖
1817,(吴
1819,高怀彪
1819,高著显
1819,李书芹
1820,丁亚平
1821,王普密
1821,王太
1821,巴育
1822,严昭柱
1823,严昭柱
1824,严昭柱
1825,古地产
1825,彭国邦
1827,昆曲
1827,曲剧
1830,秦
1830,(李
1830,高蕾
1832,杨柳
1832,彭静旋
1833,孙维
1833,呼’
1833,子午道
1834,李后强
1834,山森
1835,卢岚
1836,冯骥才
1838,张海说
1838,张盖伦
1843,陈桂霞
1843,朱传国
1844,近平
1846,第三厅
1846,周恩来
1846,廖
1846,列宁
1846,斯大林
1846,高尔基
1846,廖承志
1849,法尔
1849,贾尼
1849,阿中
1850,王迪说
1850,程·谱写
1850,王新春
1852,习近平
1852,李兆前
1853,唐红琳
1854,习近平
1857,单霁翔
1858,王晨
1859,习近平
1859,陈敏尔
1861,习近平
1861,景俊海
1861,雪博会
1862,李庆元
1862,陈
1863,朱国贤
1863,沙中心
1864,张平
1865,习近平
1865,刘奇
1866,习近平
1867,习近平
1867,彭清华
1868,李群
1868,周燕
1869,林郑月娥
1869,卢新宁
1870,许渊冲
1870,科玄
1870,待来者
1870,刘文嘉
1871,周训
1871,薛占成
1871,王秀举
1872,王建设
1872,王强说
1875,彭国甫
1875,论主
1876,王人颢
1877,曹保明
1877,布贴画
1878,钱学森
1878,瞿秋白
1878,罗亦农
1881,黄峨
1884,欧尚娜
1884,海明
1884,蒙娜丽莎
1884,莫奈
1884,雨果
1884,大仲马
1884,卢梭
1884,伏尔泰
1884,亚瑟·叔本
1888,张晗
1888,张凡
1888,张心玥
1892,王江泾
1892,元宝岛
1894,肖华
1897,李子柒
1897,刘文嘉
1899,刘丽华
1900,陈祖品
1900,李良义
1900,郑炳雄
1900,詹思佳
1901,党走·奋进
1902,苏红
1902,李林
1903,周文冲
1903,非遗·影像展
1903,周玮
1904,姚远
1904,龙翔
1905,姚远
1905,龙翔
1907,刘忻
1907,宋韵奇
1908,宋文化
1908,陈国桢
1911,列备
1911,贝林捐
1911,方北辰
1912,阿来
1912,李婷
1913,李静波
1913,兴元
1913,汤继明
1913,孔明
1913,盛宗毅
1913,林康哉
1913,杨凤麟
1913,徐学华
1913,秦袁
1913,于飞
1915,富脑袋
1916,黄兴
1916,刘洪
1917,大熊
1917,徐军
1917,罗光泽
1917,旅康
1920,林盈
1920,林建
1922,何伟
1922,金炳权
1924,张欣怡
1924,金梦雨
1924,叶静
1926,李国英
1926,从会
1932,郭义强
1932,吴志强
1933,郭义强
1936,昆曲
1936,张丽娅
1937,徐坚
1937,徐坚说
1938,侯崇慧
1939,谈剑峰
1939,武术课
1939,熊彤瑞
1939,福泉
1940,朱旭东
1943,周金
1945,郑书祥
1948,沙6月
1949,罗磊
1949,安德雷
1951,阎晓宏
1952,鲜英
1952,黄炎培
1952,叶圣陶
1952,冯文彦
1952,黄亚辉
1955,徐
1957,白山天
1957,池机车
1958,张小喻
1958,黄树煌
1964,伊瓦格市
1964,朱晓燕
1964,云展
1966,绥德人
1966,绥米
1967,江
1967,赵飞
1968,江天
1969,土炼会
1974,司马
1975,徐志成
1975,吴小玲
1975,董佳
1975,镇人大
1975,彭光明
1975,刘时贵
1978,李强
1979,周旭霞
1980,汤家山
1981,黄
1982,杨春晖
1983,林秀兰
1987,马
1987,陈
1987,赵
1989,王亚娜
1990,胡启凡
1990,王孙杰
1990,莫尼山
1991,赵博
1993,赵曦
1995,王晓霞
1995,王芳
1996,马晓晖
1996,朵云书
1996,刘雅说
1996,伍江
1998,王锐
1999,鲍尔吉·原野
1999,米花山
1999,毛竹山村
2003,黄帝
2003,舜帝
2003,大禹
2003,伏羲
2003,女娲
2003,孔子
2003,关公
2005,龚德全
2005,唐定坤
2005,张杰
2006,温蕊
2006,茗轩
2009,丹东城
2009,旅集
2011,张光奇
2011,庞鸿
2011,肖洪致辞
2011,朱贵清
2011,李洁琪
2011,张崇新
2011,陈国芳
2011,王能军
2013,马锡五
2014,张爱军
2014,葛道凯
2014,王秦
2015,应勇
2015,王忠林
2015,李群
2015,习近平
2016,慕
2016,尧上
2016,罗舒
2018,省文化
2019,后毅
2020,云展览
2020,CInfo
2020,晒福
2020,刘辉
2020,舒锐
2022,奥妙迷人
2022,张爱学
2022,石风安
2023,玉脂白
2024,胡书英
2024,光明队村
2024,夏丽娟
2025,韩东
2026,唱巴
2030,贺娇龙
2030,汤文
2030,阿尔斯别克·努汉
2030,海燕
2031,何龙
2031,黄坤明
2031,习近平
2033,梅沙湾
2033,光明
2034,刘丽说
2034,刘丽
2034,张敏说
2034,梁俊鹏
2037,德治沃
2037,木顶村
2037,史名人
2037,娅
2037,王文化
2037,王勤
2040,黄锦龙
2041,惠民路
2041,育民路
2044,陈芝麻
2045,曹锦鹏
2046,仇宇浩
2047,蔡晓磊
2047,蔡诚
2049,董玉明
2049,张思德
2049,董存瑞
2049,黄继光
2050,杏花节
2053,杨文明
2053,王连灵
2053,何
2053,扎西江村
2056,王羲之
2056,陆游
2056,王阳明
2056,鲁迅
2056,秋男
2059,龙阿朵
2059,曹晖
2060,陶系
2063,冯佳韵
2064,王治平
2064,侯继军
2064,乔向华
2064,王从春
2064,罗震光
2066,方世忠
2066,宁校区
2066,叶笑樱
2066,吴鹏宏
2067,王亚元
2068,盛典·共享
2069,赵巷
2069,彭程
2070,Wolfgang Rohr
2070,罗康瑞
2070,链以
2072,德亭镇
2072,唐宫
2075,陈平原
2076,张亮丽
2078,赏樱者
2082,沙龙
2083,许培武
2085,张卫华
2088,孔子
2088,杨孝瑜
2089,苏悦
2090,吴长淑
2090,高勇
2090,张富奎
2090,朴
2090,周洪
2090,赵龙
2090,马景峰
2091,山背村
2094,孔子
2095,巴赫提亚·巴吾东
2095,巴赫提亚
2095,巴赫
2095,提亚
2095,阿布力克木
2095,热依拉
2097,黄华娟
2097,冯强
2098,堆文化
2098,蜀国
2100,肖懿木
2100,王景育
2102,马尾绣
2102,毕文君
2103,普村
2103,晋美旺措
2103,冉文
2104,庄健
2104,刘凯
2106,朱增贤
2107,马石山
2107,东尚山
2107,田家村
2112,鲁迅
2112,张标
2113,昆曲
2115,杨武乡
2115,程皓
2118,罗沙沙
2120,周振兴
2121,孙嘉熙
2123,郭鹏
2123,钧瓷而兴
2127,刘三姐
2127,谢庆良
2127,陈慧
2129,师江
2130,沙窑
2131,闫伟
2135,卡板图
2136,旅彰文
2137,谢胜
2137,丁会云
2138,余俊杰
2138,陈爱平
2139,黄昌明
2139,李梓村
2139,穆荣书
2139,陈鑫
2140,齐玫
2141,彭文斌
2145,田草
2147,马贵兵
2147,龙黎黎
2148,陈蕾
2150,孙喆一
2150,黄晓欧
2151,贵妃巷
2153,宋丰光
2153,张锦平
2153,王力
2153,梁洪文
2155,周氏
2155,周馥
2155,刘蟾
2155,周启群
2156,罗君
2156,蒙特斯
2158,陆林
2160,张吉福
2161,老子
2163,唐
2163,剪刀差
2164,宋洋洋
2165,苏荣
2167,朱紫坊
2167,熊建军
2167,林晶晶
2167,林艳
2167,马成斌
2167,刘木溶
2168,曹卫东
2168,卡路线
2172,细无声
2174,王天晓
2177,草塘
2179,旅文局
2183,林北起
2183,林实力
2187,宋
2187,吴山天
2187,俞富根
2190,张理想
2192,刘实葵
2192,陈世洪
2192,吴淑雅
2192,赖伟
2192,周浩
2196,陈东村
2197,钟昆禹
2198,大有可观
2199,石屏人
2199,嘉谷
2199,袁嘉谷
2202,旅文局
2207,尚廉
2207,侯庆丰
2208,王春梅
2210,朱朝枝
2210,杨桃
2211,乔明
2211,王明
2212,陈盈颖
2212,王侠军
2212,谢士沧
2212,张铭阳
2213,赵瑞雪
2214,曹园西路
2214,金澜
2214,日新路
2215,康养福
2217,张伯礼
2218,杨越明
2219,郭沫若
2219,茅盾
2219,周扬
2219,丁玲
2220,老弄堂
2220,鲁迅
2220,瞿秋白
2220,丁玲
2220,崔怡怡
2221,刘辉
2222,乔慧
2225,黄琪奥
2226,庞
2226,庞各庄镇
2228,屈原
2229,毛磊
2229,芦海
2229,区小平
2230,孙启凡
2230,古福
2231,鲁婧
2231,李群
2232,梁宏鑫
2233,石国庆
2233,马志峰
2233,高林华
2234,时岩
2235,思远
2236,侯琳琳
2236,思远
2236,陈佳说
2236,陈佳
2236,河南卫
2236,重阳
2237,霍亚平
2237,李红轩
2237,杜长涛
2237,黄河·出彩
2238,侯琳琳
2238,思远
2238,毛笔馆
2239,王玉兴
2239,金志文
2241,王玉兴
2241,沙龙
2242,黄莎
2243,王玉兴
2245,李梦文
2245,刘永生
2245,王爱琴
2245,王帆
2246,沙9月
2247,沙9月
2248,沙8月
2248,大围山镇
2251,李芳森
2251,唐文利
2251,李华
2252,李芳森
2252,唐文利
2253,刘维平
2254,沙6月
2254,黄琳
2255,沙6月
2256,沙6月
2257,沙5月
2257,舜
2257,钟君
2258,沙5月
2258,高志
2258,煦
2259,沙5月
2260,沙4月
2261,沙4月
2262,沙4月
2262,唐溪乡
2262,刘超群
2262,林科所
2262,雪峰湖
2263,孔子
2263,释三
2264,洪
2265,麓山红
2266,沙2月
2266,刘习明
2267,郭嵩焘
2267,郑佳明
2267,孟泽
2267,马美著
2267,曾德明
2267,郭嵩
2267,杨革新
2267,梁小进
2267,谭伯牛
2267,李兵
2267,黄耀红
2267,李斌
2267,郭天柱
2267,湘阴籍
2267,徐亚平
2267,李清明
2269,彭胜
2270,麻学清
2270,邓晓东
2270,鲁明炎
2270,卓山谷
2270,陈健
2271,屈原
2271,河市镇
2273,古港镇
2273,梅田湖
2274,刘慧清
2275,向宇
2276,朱芳桂
2276,张立波
2280,李辉高
2280,钟健
2280,郑流阳
2280,袁
2280,郑校长
2280,徐新华
2280,钟晴
2280,罗红
2281,李芳森
2284,向宇
2284,刘铁臂
2285,江背镇
2285,忠士
2285,江背
2287,瑶
2287,李育
2289,湖南·安化
2289,钟花线
2289,王泽宇
2290,李芳森
2290,湖南·安化
2290,刘仲华
2290,唐
2290,龚睿
2290,黄穗
2290,左宗棠
2290,毛泽东
2290,杨开智
2290,英杰
2291,向宇
2291,南极老人
2293,黄国斌
2294,贾丽娜
2295,马俊华
2296,桑莉媛
2296,游山西
2296,旅厅
2297,李哲说
2298,王磊
2298,彭奕
2298,祖鲁语
2299,王磊
2299,彭奕
2300,穆国虎
2301,阎梦婕
2302,苏缨翔
2302,陈竺
2302,陈润儿
2303,穆国虎
2304,梁宏鑫
2304,吴金玲
2305,阎梦婕
2306,阎梦婕
2307,梁宏鑫
2307,刘军
2308,赵茉钰
2308,赵志阳
2308,艾里缇斯奖·最美
2309,高嘉蔚
2309,宁夏馆
2310,阎梦婕
2311,赵茉钰
2311,夏文
2312,张玉峰
2313,张杰)
2313,周浩黎
2313,邱薇薇
2313,麦培满
2313,穆延托·阿敏
2313,布迪·阿古斯托诺
2313,许利平
2314,安国章
2315,艾哈桑·布哈利法
2316,王锐
2317,陈然
2317,黄觉升
2317,王勇
2318,陈然
2318,林郑月娥
2318,毛超峰
2320,许江
2320,李庄琦
2321,李洪波
2321,邱岸雄
2321,张旭敏
2323,宋飞
2323,琵琶
2323,吴玉霞
2323,拉弦乐器
2325,李洁莹
2326,郭宗光
2326,丁嘉敏
2328,丁嘉敏
2329,琳达·范纽恩
2330,硬如瓷
2331,郭宗光
2332,金沙陶
2333,王泉骄
2333,王书羽
2333,肖夏勇
2334,王泉骄
2335,王泉骄
2336,王泉骄
2336,郭吉勇
2336,郭宗光
2337,王泉骄
2337,肖夏勇
2337,张广涵
2338,彭锦权
2338,肖夏勇
2338,林
2339,安迪·福斯特
2339,张健勇
2339,霍静波
2339,手工达人
2339,张威
2339,郭宗光
2340,彭林带来
2340,侯乙墓
2340,王
2340,王勾践
2342,肖夏勇
2342,龚良
2342,龚良致词
2343,李东奕
2343,蔡沐恩
2343,肖夏勇
2343,徐宜懋
2343,罗诺德·斯玛特
2344,楚艳
2345,旺格
2345,郭宗光
2346,木胜玉
2348,杨启红
2349,杨启红
2349,马啣山
2349,马家屲
2350,甘海琼
2350,杨玥
2350,纯净无暇
2351,甘海琼
2352,甘海琼
2352,仁
2353,甘海琼
2353,瑞景杯
2354,刘沛然
2354,哈西娃村
2355,张莉萍
2355,扎西
2356,甘海琼
2356,甘海
2359,璐
2359,湖北·武汉
2359,郭义强
2359,王晓峰
2362,肖璐欣
2363,战疫
2363,纾困贷
2363,马峰
2363,金雨蒙
2363,于琪
2367,张沛
2368,牛良玉
2368,陈孟丽
2368,卓书颜
2369,樊欢迪
2370,重整山
2370,河待
2372,克拉玛干·三五九
2372,塔克拉玛干·三五九
2373,陈新辉
2373,焰火秀
2374,郑新山
2374,房健
2375,姜亦金
2375,慈建华
2375,赵叶帆
2375,郭艳利
2375,李文莲
2376,胡文君
2378,王秀芳
2378,唐杰
2385,香塔
2385,霍氏练
2385,杨柳
2388,李丹
2392,李梦文
2393,段思齐
2394,焦搏文
2395,李梦文
2395,晋秀
2396,赵树理
2397,张婷婷
2398,李梦文
2399,周征文
2399,文脉·河东
2400,王继亮
2401,王文
2401,陈晓
2402,马菲
2402,秋月
2403,马菲
2403,韩缘
2403,高科
2403,林松添
2403,洪
2404,省文化
2404,夏延军
2404,谢金英
2404,云展
2405,张文
2406,林福盛
2406,李杉
2407,林福盛
2407,贾珺
2409,杨文娟
2409,程学虎
2411,杨雨蒙
2411,省文化
2412,冀时
2413,印海廷
2414,袁志广
2414,李世文
2415,郭镇
2415,赵牌村
2416,袁志广
2416,张军
2417,张志锋
2418,王斯文
2419,王斯文
2420,周颂雪
2420,丹东·东港
2420,刘洋
2420,张德智
2420,张奎男
2420,辽字号
2420,陈新华
2421,李进媛
2422,尹柏寒
2422,李思峰
2424,轩召强
2425,龚莎
2425,吴佳妮
2425,李永波
2426,龚莎
2426,唐贵
2427,文化粉
2429,龚莎
2430,龚莎
2430,绽芳华
2431,龚莎
2432,龚莎
2432,胡环
2433,苏作馆
2433,许昆林
2434,梁国扬
2434,王嘉沐
2435,何
2436,韩庆
2436,王均豪
2436,龙利得
2437,韩庆
2438,龚莎
2438,朱顺彪
2439,刘铭峰
2439,尹志平
2441,张萌
2441,陈嘉庚
2442,张萌
2442,陈昀
2443,张萌
2444,张萌
2444,遗）址
2445,张萌
2446,张萌
2447,陈博
2448,陈博
2449,张萌
2450,吕春荣
2451,张萌
2451,苏氏
2451,苏颂
2451,林生海
2451,文旅局
2451,安芦山堂
2452,张萌
2454,斗茶赛
2455,陈舒仪
2456,王玉兴
2459,黄子婧
2459,金桔王
2460,魏鹏飞
2460,林晓丽
2461,余杉芳
2461,黄志伟
2462,刘燕婷
2462,俞大猷
2462,吕翔宇
2463,钱嘉禾
2463,孙锐
2464,刘颖婕
2464,旅惠民
2465,彭远贺
2465,张相兵
2465,郑邦钦
2466,王继亮
2467,王继亮
2468,王继亮
2468,姚呈明
2469,王继亮
2469,张謇
2470,文旅局
2470,邹
2470,王继亮
2471,王继亮
2471,张謇故
2471,张謇
2471,黄静说
2472,钱嘉禾
2472,朱子
2472,吴震
2472,肖永明
2472,朱子墓
2472,朱熹园
2473,余杉芳
2473,松溪·百年蔗
2473,郑墩镇
2473,万前村
2475,张芳
2476,陈燕
2476,思琪
2476,李俊说
2477,王勇
2477,张卓敏
2479,沈泉池
2479,伍艺涛
2480,彭远贺
2481,彭远贺
2482,彭远贺
2483,彭远贺
2484,彭远贺
2485,乔晓阳
2485,张晓龙
2485,刘华苏
2485,黄花塘
2486,顾姝姝
2487,秦海峰
2487,秦始皇
2487,汉服秀
2487,大秦雄风
2489,秦海峰
2490,秦海峰
2490,陈晓平
2491,梓埠镇
2491,刘存
2492,章英全
2493,唐光明
2494,秦海峰
2495,赵恒伯
2496,张志斌
2497,洪
2499,秦海峰
2500,毛思远
2500,鲍赣生
2502,秦海峰
2503,罗娜
2504,邱烨
2505,荣翌
2506,刘慧
2506,张杰鑫
2507,孙广勇
2507,罗明
2507,容装
2507,唐
2508,姜波
2508,胡茜
2508,贝乐达
2508,萨尔曼
2509,梁4月
2509,赵芳
2510,李蒙
2510,何金平
2511,尚明桢
2512,叶琦
2512,杨晓龙
2513,叶琦
2513,杨晓龙
2513,乔峰
2513,冯至
2514,韩硕
2516,蔡婉君
2517,匠心·大家
2517,彭远贺
2517,郭馨元
2518,李希蒙
2519,张强
2519,许晶晶
2520,李梦文
2521,知否·宋韵
2521,宋
2522,毕梦瀛
2522,延秀生
2523,李浩蓉
2523,符武平
2523,毛公山
2524,黄帆
2525,黄帆
2526,魏怡
2526,柴林
2526,何威对
2527,魏怡
2527,甘肃·多彩
2528,高翔
2529,魏怡
2530,黄帆
2532,黄帆
2532,省文化
2532,陈卫中
2532,陈卫
2533,黄帆
2534,黄帆
2534,嘉峪关·关城
2535,王文嘉
2536,徐驭尧
2536,格萨尔
2536,孔繁秀
2537,李海霞
2538,刘怡
2538,陈述云
2539,李发兴
2539,汪戎
2541,罗9月
2541,周輖
2541,徐彦禾
2542,沈小晓
2542,邵彬
2543,王波
2544,汪瑞华
2545,赵
2546,孙静
2546,庄岩
2546,守责
2548,王磊
2548,金鹏
2549,刘祺
2549,黄文旅
2549,王磊
2550,孙亮
2550,吉喆
2551,童孝义
2552,吉喆
2553,孙静
2554,王春平
2555,朱桐震
2555,智享文
2555,张百科
2555,旅惠民
2556,孙静
2557,张振民
2557,李明
2557,马效恩
2558,旅展区
2558,李超)
2558,孔子
2558,鲁秀
2559,张帆
2560,李普辉
2561,刘祺)
2561,王京文
2562,技术链
2562,佳禾
2562,佰奥
2562,链综
2562,依托村
2562,刘海丽
2564,王晶
2565,鲁婧
2565,高洪
2565,吴爱华
2566,韩婷
2566,李龙
2567,陈斌
2567,梁秋坪
2567,马一德
2568,杨赛君
2568,胡家培
2569,赵悦
2570,王慧
2571,张聿修
2572,王慧
2572,从呼
2573,王慧
2575,杨晔
2576,刘刚
2576,杨晔
2576,陈运发
2577,刘刚
2577,项阳
2577,彭世团
2578,刘刚
2578,罗军
2578,彭世团
2579,刘刚
2579,陈运发
2580,刘刚
2581,刘刚
2581,陈运发
2582,吴明江
2582,刘三姐
2583,李欣洋
2583,苗
2583,田历史
2584,赵越
2585,陈浩
2585,逍遥国
2586,周坤
2586,袁维锡
2587,汪瑞华
2588,赵越
2588,文化兴
2588,黄燕
2589,汪瑞华
2590,李希蒙
2590,张健
2590,杨俊说
2591,陈若天
2591,汤品尝
2592,赵越
2592,张俊
2592,张婉馨
2593,赵越
2593,张俊
2593,张婉馨
2593,张俊摄
2593,孙若风
2593,宋晓东
2594,张帆
2595,康梦琦
2596,陈万泉
2596,谢利根
2596,俞世裕
2596,陈野
2597,孟凡盛
2598,毛雷
2598,李公羽
2598,崔
2598,陈珍
2599,李浩蓉
2599,陈德海
2600,李学山
2601,李学山
2601,孙颖
2602,艾克拜尔·米吉提
2603,杨雪楠
2603,韩婷澎
2603,音乐·松花江
2603,动感·松花江
2604,杨雪楠
2605,李熙爽
2605,王某
2606,杨雪楠
2608,陈晶晶
2609,王钦
2609,云匠村
2610,王秀芳
2611,龙章榆
2611,征贵州
2612,王秀芳
2613,高华
2614,王秀芳
2615,杨招弟
2615,王勇
2616,吴明江
2617,吴明江
2618,何琳达
2619,王安石
2619,夏文勇
2621,林盈
2621,吕春荣
2621,柴晓明
2622,吕春荣
2622,洪送胜
2622,林守钦
2622,吴志跃
2622,林学锋
2623,刘宝琴
2624,钱嘉禾
2624,罗军
2624,马思洋
2624,王洪
2624,许创
2625,钱嘉禾
2625,陈永整
2625,刘伟泽
2626,钱嘉禾
2627,赵静
2627,翟治鸿
2627,福泉
2628,王文嘉
2628,李玉赋
2628,刘佳义
2628,王灵桂
2628,王旭东
2628,丁鹏勃
2629,黄帆
2629,何伟
2629,王旭东
2629,马玉萍
2630,黄帆
2631,黄帆
2631,张旭在
2633,刘军国
2634,刘杨
2635,杨晓娜
2635,周封
2635,郑
2635,洛
2636,智泓
2636,启母
2636,中岳庙
2636,郑汴洛
2638,董童
2638,王晓峰
2639,省文化
2639,戴允康
2639,邵革军
2639,王凡
2639,何皖钰
2640,虎遵会
2640,李光辉
2641,刘贤虎
2642,刘贤虎
2643,贾志
2644,庄裕群
2646,代寺镇
2646,王玉光
2646,魏丕伟
2647,王波
2649,金秋乐
2649,张坝
2649,张坝桂
2650,郝燕
2650,严飒爽
2650,王军向
2650,孟水明
2651,朱虹
2652,朱虹
2653,杨开富
2653,大禹
2654,王波
2654,陈至
2655,邓小平
2655,洪丽
2657,方志人
2658,王波
2659,刘海天
2659,李节
2660,刘海天
2661,喜安
2661,陈默
2662,王波
2663,李平
2663,邓勇
2664,张旭
2664,罗强
2664,彭元姣
2665,陈蕾
2665,杨书文
2666,郭莹
2667,王波
2667,蒋蔚炜
2668,钟森
2668,杨建宇
2668,周晓菲
2668,曹明伦
2669,王波
2670,周孟棋
2670,杨君伟
2670,邓炜
2670,杨蓉
2670,吴晓东
2670,蒋向东
2670,柏添
2670,成都·今夜
2670,彭克始
2671,盐都·安逸
2671,狮市镇
2671,马安村
2671,游古镇
2672,王军
2673,王波
2673,王婷
2673,荣获三
2674,黄岚
2675,李梦竹
2675,邓凌瀚
2675,温选鹏
2676,王波
2677,王波
2677,秦亭
2677,国情·嫘祖颂
2678,祥云白
2678,刘先军
2679,泸县年
2679,冯秋兰
2681,王波
2683,袁菡苓
2683,王川
2683,王川红
2684,郭莹
2684,刘海天
2685,王波
2686,毛泽东
2686,任杰
2686,彭茜
2686,罗鸿钰
2686,刘福林
2686,邱磊
2689,陈世云
2690,郭莹
2692,张家豪
2693,王波
2693,林公园
2693,刘坪
2693,游乡村
2693,品民俗
2694,王波
2694,黄颖
2694,刘主编
2695,胡雪
2695,谢浩
2696,王波
2697,王波
2698,王凡
2698,赵举游
2698,谢平
2699,王波
2700,何皖钰
2700,芳芳
2701,牛良玉
2702,袁志广
2703,任彦
2703,陈牧廷
2703,莉娅·布利法
2703,卢望
2703,毛锡雄
2703,杨晓龙
2704,任彦
2704,比利
2704,曹忠明
2705,李政
2705,宋永祥
2705,郝吉虎
2705,穆杰
2705,王进东
2706,王秀芳
2707,王秀芳
2707,李玉平
2708,王秀芳
2708,袁伟
2709,尹星云
2710,池梦蕊
2711,高星
2712,杨斌
2712,杨斌题
2713,奥全民
2713,陈列墙
2716,兔儿爷
2718,星云
2718,金秋赏
2718,颐
2719,鲍聪颖
2719,马萨
2719,布什
2720,池梦蕊
2723,尹星云
2724,高星
2724,京潮·京品
2726,李乃妍
2727,蹲点式
2727,崔琦
2728,孙梅君
2728,成龙
2729,池梦蕊
2729,西山之巅·永定
2729,文化兴
2730,刘佳
2730,郭义强
2730,王晓峰
2730,张文兵
2730,江伟
2731,董兆瑞
2732,池梦蕊
2735,李栋
2735,赵永清
2736,鲍聪颖
2737,郑瑜涵
2737,安德烈·杰尼索夫
2737,吴为山
2737,袁熙坤
2737,张维国
2739,郭鹏
2740,刘佳
2741,赵瑜佩
2741,杨晓琦
2741,陈同学
2743,夏晓伦
2743,凯摄
2744,刘佳
2745,宋子节
2745,许耀桐
2745,叶响裙
2745,李俊清
2745,薛刚
2747,鲍聪颖
2748,鲍聪颖
2748,巡源·朝密
2750,刘佳
2750,刘波
2752,胡雪蓉
2753,刘佳
2754,池梦蕊
2754,沙龙
2754,毛大庆
2754,张百成
2755,汪芝麻社区
2755,高建荣
2756,阿紫
2757,朱玥颖
2757,李欣怡
2757,伊什法克
2758,池梦蕊
2758,单霁翔
2758,吕舟
2759,刘颖颖
2760,胡雪蓉
2760,恩·体育情
2760,陈少军
2760,章剑华
2761,刘微
2761,闫晓东
2762,池梦蕊
2762,宋洋洋
2763,池梦蕊
2764,胡雪蓉
2764,韩子荣
2764,徐志军
2765,王仁宏
2767,王骁波
2767,宋锦
2768,王震
2770,尹星云
2770,编五
2771,刘颖颖
2771,胡和平
2771,王晓峰
2773,尹星云
2774,陶猪
2776,申佳平
2777,徐向东
2778,孙竞
2778,王宁
2778,易晓
2778,吴东
2778,张
2779,鲍聪颖
2779,钟显林
2781,何淼
2782,郭冠华
2782,田壮壮
2782,惠特曼
2782,马伯庸
2782,郭帆
2782,饶晓志
2784,刘佳
2784,克拉玛干·三五九
2784,塔克拉玛干·三五九
2785,韦衍行
2785,文化署
2785,李群说
2786,王震
2787,文科汇·贰
2788,刘佳
2789,杜牧
2790,尹星云
2791,申佳平
2791,张鹏
2792,沙龙
2793,鲁婧
2793,启迪性
2794,池梦蕊
2795,习近平
2796,谢莹
2798,文化·三城
2799,池梦蕊
2800,孙博洋
2800,朱鼎健
2801,踏青季
2801,错峰游
2802,刘佳
2803,霍营
2804,刘颖颖
2805,刘佳
2805,科齐
2806,蔡奇
2807,刘佳
2809,孟植良
2809,李金早
2811,王紫
2812,董兆瑞
2813,文旅局
2816,孙竞
2817,董兆瑞
2818,杨虞波罗
2818,涉未
2819,池梦蕊
2819,于平
2819,梅松
2819,千哲
2819,吴永平
2819,王子源
2819,何忠
2819,甄明舒
2820,刘颖颖
2821,杨虞波罗
2822,杨曦
2822,任珑
2823,雷图档·南苑卷
2825,董兆瑞
2826,池梦蕊
2827,刘佳
2827,胡和平
2827,郑建闽
2827,南江村
2830,池梦蕊
2830,西打磨厂
2831,杨磊
2831,块旋
2832,王连香
2833,董兆瑞
2833,京城·打卡
2833,京城·约惠
2834,池梦蕊
2834,张宝秀
2834,李欣
2834,李哲以
2834,张亚红
2835,王连香
2836,池梦蕊
2837,董兆瑞
2837,于趣
2838,阎晓东
2839,周静圆
2840,刘佳
2841,池梦蕊
2841,韩启德
2841,孟庆海
2841,王旭东
2841,王春法
2841,吴为山
2842,高星
2843,刘佳
2844,池梦蕊
2845,董兆瑞
2845,周聚焦
2846,董兆瑞
2847,池梦蕊
2848,国潮·集拾
2848,王道俊
2849,尹星云
2849,宋庄品
2850,刘佳
2851,胡雪蓉
2852,胡雪蓉
2852,谷爱凌
2852,徐梦桃
2852,隋文静
2852,韩聪
2852,黄志勇
2853,杨曦
2853,白明
2854,万寿长
2855,胡雪蓉
2855,优秀县
2856,董兆瑞
2857,董兆瑞
2857,蒋
2858,Youn
2859,尹星云
2860,叶小文
2860,叶嘉莹
2861,鲁婧
2862,董兆瑞
2862,京城·打卡
2862,京城·约惠
2863,旅赋
2863,张伟
2863,史安平
2863,康书祥
2863,刘从新
2863,王斌
2864,鲍聪颖
2864,姜波
2865,卢映川
2866,池梦蕊
2866,沙峪杯
2867,沈泉池
2867,伍艺涛
2868,李浩蓉
2868,符武平
2868,牛良玉
2868,林田园
2869,张继航
2869,郝建利
2869,徐海涛
2870,张继航
2870,高东海
2870,王艺霖
2870,徐水
2871,张国忠
2871,王艺霖
2872,高阳
2872,张继航
2872,沈齐
2873,张继航
2873,徐海涛
2874,张继航
2874,侯燚
2875,张惠云
2875,庄村
2875,高阳
2875,田际云
2875,韩世昌
2875,张继航
2875,杨瀰
2876,胡雨松
2876,胡玉璐
2876,季永
2877,刘玲玲
2877,佘明远
2878,刘玲玲
2878,佘明远
2878,郑金标
2878,程学柱
2878,刘建
2879,何蒨
2879,雪如意
2880,刘玲玲
2880,佘明远
2881,毛磊
2881,李行伟
2881,苏香玫
2881,方世忠
2882,毛磊
2882,庞川
2882,吴志良
2883,毛磊
2883,王家瑞
2884,王传宝
2884,吉兰
2884,张旭
2884,雅乌兹
2884,任鸿斌
2884,刘少宾
2884,埃尔多安
2885,王评选
2886,姜宣
2886,李旭大
2886,温耶莱
2887,姜宣
2887,周虚
2888,孙广勇
2888,吴志武
2889,张静淇
2889,梁启超
2890,智泓
2890,赵培育
2891,张萌
2891,张敏玲
2892,张莉萍
2892,王女士
2893,张继航
2893,松风馆
2893,赵建棠
2893,万霞堂
2894,叶宾得
2894,陶系
2895,闫峰
2895,徐州会
2896,吴思萱
2896,蚝壳厝
2897,吴思萱
2897,蚝壳厝
2898,王勇
2899,王文嘉
2900,王文嘉
2901,王彤
2902,王慧
2902,兰毅
2903,王慧
2903,郦波
2903,蒙曼
2903,王纪言
2903,李江
2903,李世翔
2904,王慧
2905,王功孝
2905,麦媛媛
2906,唐杰
2906,王秀芳
2906,西三角
2907,牛良玉
2907,陆志远
2907,宁虹雯
2907,段昌奉
2907,杜建伟
2907,楚国
2908,马晓楠
2908,何香凝
2908,柳亚子
2908,周恩来
2908,茅盾
2909,霍亚平
2909,黄河·出彩
2910,霍亚平
2912,鲁迅
2913,高翔
2913,王洛宾
2913,文化焕
2914,毛雷
2914,符武平
2914,李浩蓉
2914,孙爱花
2915,崔贝迪
2915,陈秋平
2916,陈文夏
2917,陈明菊
2919,昆曲
2920,朱磊
2920,钟文
2921,林女士
2921,来林
2922,习近平
2922,永庆坊
2923,钱学森
2923,汪雨申
2923,大师剧
2923,颜维琦
2923,曹继军
2925,侯湛莹
2927,习近平
2928,触可感
2929,触可感
2935,吴悠
2936,孔子
2937,壤塘村
2938,冉文娟
2938,张经时
2938,图登克珠
2938,格勒巴桑
2939,卡北山
2940,张秀峰
2940,刘婧
2941,詹姆斯·凯瑞
2943,徐廷
2944,陈智勇
2944,李伟才
2945,陈炜敏
2946,夏思凝
2948,秦建平
2951,史道智
2951,刘春龙
2954,霍尔巴
2954,扎西
2957,守除
2958,九寨有礼
2962,罗珺
2963,刘莉莉
2964,姜建萍
2965,范永贞
2966,伍新滨
2967,陈国桢
2967,郑汴洛
2968,陈若天
2968,汪瑞华
2968,爱国力
2969,崔新耀
2970,储北平
2972,尝试线
2972,陈洁
2972,陈洁说
2974,云文化
2975,屈原
2975,王群
2975,熊本旭
2975,郑承志
2975,张学书
2975,李彩云
2975,吴艳
2976,孔子
2976,黄帝生
2976,少昊
2976,周汉鲁
2979,张笑
2980,秋季线
2981,徐同君
2981,王秋杰
2981,邢广华
2981,张锋
2981,陈志刚
2981,吴大明
2981,高玲
2981,任杰新
2981,孙俊旗
2981,周彦宇
2982,毛思倩
2983,徐斌
2983,旅游伴
2984,陈明菊
2988,彭志伟
2989,习近平
2990,王宥力
2990,才华烨
2991,王
2991,梅摄
2992,苏比·艾合买提
2992,格勒巴桑
2993,周洁
2994,秦海峰
2995,党恩·少年
2995,赵书勇
2996,梁湘
2996,田杰
2996,史冰筠
2997,冯子材故居
2997,刘永福
2997,潘云锋
2998,刘增璇
2998,刘圩镇
2998,黄女士
2998,稻之乡
2999,冯显珅
3000,富脑袋
3002,鲜敢
3003,王建军
3003,习近平
3003,赵月霞
3005,黔西市
3006,叶松山
3007,张毅说
3007,漆冠山
3009,王彬
3012,朱家花园
3012,杨景雯
3012,孔子
3013,孙悟空
3014,赤陶碗
3018,王金村
3018,王
3020,李晓松
3020,周久财
3021,关公
3022,愈加独特
3022,省曲协
3023,赵存柱
3023,赵军辉
3024,邓小平
3025,漆同斌
3026,延庆·惠享
3027,吴铭
3027,王冉
3027,角'
3028,启承
3031,刘悦笛
3034,王文化
3038,王墙
3043,石挺警
3043,唱黎族
3044,董耀会
3047,韩
3047,文嘉
3048,林留根
3049,吴键
3051,举旗帜
3052,齐玫
3055,刘潇
3057,杨子蔚
3058,陆
3058,波岸
3060,戚艺芳
3060,王佩
3061,比歌
3061,茸芭莘
3062,蓝增
3062,乔木层
3062,灌木层
3062,迈茶
3062,李成
3062,白如是
3062,李成才
3062,臧灵
3063,张红霞
3064,旅游处
3064,张奎堂
3065,栗思
3065,李曼
3065,李然之
3065,周建义
3066,黄科
3067,沈泉池
3068,汾
3068,陈的香
3070,白文化
3070,银环湖
3070,肖巍
3071,杨英锋
3071,刘万福
3071,张良汉
3071,张瞭原
3071,杨李沟村
3071,杨李沟
3071,张良
3071,张良镇
3072,袁熙坤
3072,袁本良
3072,宋培伦
3073,周
3074,社集
3076,沙龙
3077,曾国藩
3078,曾国藩
3079,曾国藩
3082,何
3085,卢永琇
3087,陈先松
3089,蒋文武
3089,马官镇
3089,张大卫
3089,马关镇
3092,胡杰
3093,程是颉
3093,蔡进宝
3093,拉拿说
3094,庞国明
3097,清廉关
3099,林海江
3099,王志学
3100,山水暖
3101,古兰班尔·阿布
3102,安·梨园
3103,张国清
3104,鲁迅
3104,臧克家
3104,牛文化
3106,黄材镇
3107,阎梦婕
3108,毛泽东
3109,李玲
3110,沙艺
3114,朵朵·贺新春
3114,刘宗琦
3114,陆玲
3118,青古镇
3118,周雨
3121,倪章波
3121,梅江镇
3121,倪大村
3122,王继亮
3122,田园路
3123,唐忆鲁
3123,李明充
3124,王慧
3126,云展播
3127,郑东波
3127,习近平
3128,郑东波
3129,旅志
3129,邓东源
3130,怀特
3131,瑟宾节
3131,闫艺丹
3132,区长
3135,马建明
3135,黄正平
3137,百益·上河城
3137,石菠—
3138,张红
3138,刘畅
3138,蒋若楠
3140,许巧英
3140,陈涛
3140,唐文
3140,杜安妮
3143,旅浦
3144,安鲁·马雷
3144,西蒙娜·埃拉迪恩
3144,马雷
3145,梁伟
3145,何必良
3147,欧阳梅
3147,杨梅
3147,王荣秀
3147,杨建平
3147,杨梅说
3147,金星星
3148,大秦雄风
3148,刘荣晖
3152,李子村
3152,翟华兰
3152,卢香梅
3153,郭明
3154,李兴钢
3155,习近平
3156,习近平
3157,穆赫辛
3157,罗4月
3157,沈小晓
3157,穆赫辛·法尔加尼
3157,阿文
3158,吴凤翔
3160,范柏文
3161,魏俊芳
3161,麦秆画
3161,高粱
3161,赵东东
3161,牛可玉
3166,庄寨
3166,盖山镇
3166,郭宅村
3166,黄培松
3171,李延青
3173,周永平
3173,梁宏鑫
3174,柯玉宗
3179,编中
3180,王建成
3181,徐耀昌
3181,李孟蓁
3182,芬样
3183,荣昌陶
3183,陶文化
3183,张辉文
3183,梁先
3186,刘海峰
3190,王金印
3191,莫森松
3192,李丹
3193,刘捷萍
3193,彭涛
3193,唐康
3194,周明星
3194,周
3196,武晓民
3196,赵留
3198,潘伟斌
3198,曹操墓
3199,京白梨
3199,何向阳
3199,邱华栋
3201,朱谦
3205,博塞仁
3205,毛使馆
3205,张新红
3205,马约特
3205,迪奥勒
3205,古拉
3205,林海岩
3206,张大义
3207,乌力格尔
3207,全鱼宴
3207,冬捕节
3208,李玥昕
3208,张桂梅
3208,王继才
3208,王仕花
3208,黄文秀
3208,天宇
3208,蒋昭曦
3209,御猫
3211,陈氏族
3211,陈卜
3212,麦一帆
3212,梁卫东
3212,苏泰然
3213,麦文雄
3213,伊万·迪安诺维奇
3217,巴克图古城
3217,米文
3217,马里辉煌
3217,多贡人
3218,习近平
3219,马科元
3220,王聿慧
3221,韩孟亮
3222,徐曼玉
3225,伍迁
3225,骆
3226,骆
3226,魂非
3226,扎染体
3227,周王城
3227,洛文化
3228,城建办
3228,倪亮
3230,水城区
3230,米箩镇
3230,青林乡
3230,王平
3230,勺米镇
3230,郑学
3231,米椎
3232,王卫民
3232,冯远
3232,陈晓明
3232,王学典
3232,宋子节
3232,周静圆
3234,裴松
3234,赵云
3234,梁满仓
3234,方北辰
3234,谢元鲁
3236,黄兴
3236,胡妤雅
3237,周雄
3237,周宣灵
3238,潘世强
3239,陆丽蓉
3240,孙剑虹
3241,鲁迅
3241,萧伯纳
3241,王静
3241,许广平
3242,卢明光
3242,陈方岳
3242,卢才
3243,卢凤羽
3243,谭素娟
3244,周婷
3248,陈海辉
3248,闽筝
3248,王琳雅
3249,张定超
3251,柳比
3251,普希金
3251,洛沙克
3251,米舒斯京
3254,邱宇哲
3254,姜奕杉
3254,高珊
3256,黄巧文
3256,王文隆
3256,唐璐
3257,刘成龙
3258,刘成龙
3259,刘
3259,罗沙沙
3259,沈亦伶
3260,许荣茂
3262,吴宏
3262,石乔
3262,王爽星
3267,凌波
3268,阎梦婕
3269,吕菲
3270,夏王朝
3272,张玉彪
3273,苏群英
3275,贴福字
3275,徐昱
3277,鲍永祥
3277,才库
3279,林榕生
3280,林良菽
3280,宋江阵
3281,林春盛
3282,林承福
3282,张爱萍
3283,廖梦云
3285,董宝厚
3285,田冬
3287,郑珍
3287,莫友芝
3287,黄万机
3287,唐炯
3289,习近平
3290,朱子
3290,刘小新
3290,廖斌
3290,朱子学
3291,杜洁祥
3293,隋
3295,陈松
3296,尚廉
3298,孙书瑶
3299,吴冰
3300,周在
3300,魏鹏举
3300,周一定
3300,重庆文
3301,习近平
3304,本地群
3305,习近平
3305,李伦
3306,习近平
3307,金春平
3307,吴雪陶
3309,罗朝兵
3310,莫东才
3310,谭素娟
3310,梁日馨
3311,刘家寨
3311,刘永周
3311,刘朝侃
3311,杜雁月
3314,西苏区
3314,周逸群
3314,段德昌
3314,朱志民
3315,文帝
3316,谢凤芹
3316,刘定逌
3316,冯三四
3316,冯子材
3317,陈淦璋
3317,丁字街
3317,陈家街
3318,沙磁乱
3318,沙磁巷
3318,罗兹柏
3321,苏蕴山
3323,沙龙
3323,胡小武
3324,张骜
3327,李延平
3328,李
3329,李卫伟
3330,李伟
3331,李强
3332,李明明
3333,李挥
3334,李殿元
3334,诸葛亮
3335,李丹
3336,张中俞
3336,姚进忠
3338,王金一
3342,宋玛·奔舍
3342,宋沙万·维雅吉
3342,姜
3342,曾艳
3342,岛派·占塔纳
3342,省外办
3343,齐吉祥
3347,张吉凤
3347,安安
3348,秦冬
3349,辛务村
3351,蓝逢
3351,毛望
3351,郑天波
3354,赵光霞
3356,丁思)
3356,杨艳敏
3357,李海燕
3358,珍酒
3358,谢氏鸡
3358,古艳
3360,张毅
3363,秋诗会
3363,黄庆松
3363,王亮礼
3364,张
3364,扎西雪巴
3369,莫秋明
3369,韦海萍
3370,拉萨林
3372,拉来寨
3372,林小青
3372,姚茂渊
3373,金幼
3375,乌恰镇
3375,陈文茵
3376,刘有为
3378,孔城
3378,孔城镇
3379,谭正初
3379,陆羽
3385,李珂
3386,杨汛桥
3386,周永利
3386,夏村
3386,杨洪康
3386,王苗夫
3386,敬贤
3387,李超荣
3387,孙泷泽
3387,肖冰
3389,栾
3390,大激
3393,沙龙
3394,楼家强
3396,王行燕
3396,刘政宁
3396,向萍
3397,兰毅实
3401,李国华
3401,苏鸿雁
3402,曹雪芹
3403,冯文彦
3404,程明辉
3405,茶祖红
3405,甘鲜味
3407,张剑鹏
3409,王星
3411,鲁迅
3414,朱书
3415,向婧
3417,周孝广
3418,郑晓幸
3419,韦
3419,罗丹丽
3420,沙龙
3422,傅双琪
3422,吴济海
3422,陈春霖
3423,邓倩倩
3423,洪孟启
3423,林献堂
3424,余俊杰
3425,夏烈
3426,夏烈
3427,杨继红
3427,吴开艳
3427,黄冠男
3427,刘求光
3427,李世军
3427,王江文
3427,刘军
3428,何欣雨
3430,飘香·品茗
3436,陶
3437,刘岩创
3437,刘岩
3437,许锐
3438,肖夏勇
3438,林韦臻
3443,吕娜
3443,黄晓凤
3445,俞
3445,郑聪辉
3446,谭继
3448,冯雪玉
3449,周政
3459,王志武
3460,张勋图
3461,庆双节
3463,品民俗
3464,水汶镇
3465,朱子
3465,熹光
3466,单霁翔
3469,汤贤生
3469,姚德全
3471,苗学会
3472,陈露
3475,刘超
3475,魏婷
3476,林小牧
3477,李朝
3477,周恩来
3478,胡和平
3478,李群
3478,杜江
3481,创街区
3481,张素萍
3484,唐耀
3485,宋氏
3486,龙节
3486,松花皮蛋
3486,思南
3487,任继愈
3489,郑成功
3489,林则徐
3489,朱熹
3491,张宁
3492,黔西市
3493,黔西市
3494,代金
3494,冉兵
3494,王林
3494,金漫
3496,龙景飞
3498,王锦
3499,储玲琴
3499,宁海人
3501,曲滋娇
3502,金闪闪
3505,慧
3510,滕维杰
3518,柴媛媛
3522,吴涛
3523,孟
3523,朝鲁
3527,麦绍林
3527,谭海东
3531,王晓彤
3534,白市驿镇
3534,川剧院
3534,墙打卡
3534,马氏
3536,心谱
3538,梨文化
3538,科普区
3539,石船镇
3539,类藏书
3540,之根
3543,宋伟峰
3546,沙龙
3546,金梧桐
3547,沙龙
3547,肖桂森
3547,岳珊
3548,祥致辞
3548,罗华庆
3551,乐·乐在
3557,省民营
3558,阎星
3560,中图·东郎
3561,达士营
3562,麦一帆
3569,周将
3569,京什
3570,汪速
3572,萧
3574,梁厝蓝
3576,敦煌服
3577,白连永
3579,严连勇
3582,德润
3583,王功孝
3585,白马馆
3588,郭臻
3589,郭伟
3590,王以
3592,毕琪
3593,黄维
3594,胡磊
3595,赵永刚
3595,王阳明
3595,福泉
3595,邓瑞仙
3595,李啟民
3595,宋璇
3596,李明慧
3599,田力
3600,埃新春云
3602,张利军
3604,罗野
3605,省文化
3606,侯咏
3606,章子怡
3606,周一围
3606,于和伟
3606,杨祐宁
3606,张丽娜
3608,李俊杭
3612,李
3613,刘永泉
3614,霍译
3614,杨戴
3614,傅雷
3616,朱海
3617,瓷博会
3617,洪旭民
3617,刘博
3620,马具
3621,卡米拉
3621,鲍威尔
3622,郭猛
3629,王兆宇
3629,柯睿林
3630,党走·唱支
3630,李新军
3632,记忆馆
3634,洛水
3634,夏晓伦
3635,许童悦
3636,日常零
3636,储北平
3637,贺绍俊
3637,徐则臣
3638,陈景华
3638,姜微莲
3643,周恩来
3643,周秉德
3644,优服务
3644,启民志
3646,林跃锋
3648,李雨晴
3648,陶征淮
3648,陈超英
3648,陶征
3648,张洋
3654,李河
3656,唐波
3656,周玉祝
3657,于壮
3657,刘晓春
3657,张玉玲
3657,俞天秀
3657,孙云蕾
3658,李俊民
3659,金胜利
3659,张艺典
3660,昆明郑
3660,王秀成
3660,郑和
3660,赵贤
3660,陈敏
3661,夏芳
3662,吴绪忠
3663,王清宪
3663,汤口路
3663,王步
3665,杨晓波
3665,王军
3665,李云丽
3665,吴志跃
3665,李刚
3665,郑天助
3665,李仲谋
3666,张
3667,张文博
3667,王爽
3667,张浩祯
3669,邱绍杰
3669,宋丽娅
3669,杨苑婕
3669,罗玉涵
3670,李棋
3670,高仓
3670,张宏
3676,王宝
3677,刘杖子
3677,石磊
3677,陈慕祎
3678,黄平等
3681,强师·铸魂
3681,木黄
3682,沙龙
3682,蔡孟轩
3685,皖电
3685,宋丽文
3688,田人
3689,古力
3690,刘欢
3691,龙华村
3691,牛歌戏
3691,牛娘戏
3693,张理想
3694,贾山村
3695,周公路
3697,蒂艾斯
3699,习近平
3699,胡和平
3700,尚缺
3704,白鹤拳
3705,常下乡
3707,中国·梓潼
3707,两弹一星
3710,徐艳萍
3711,孔
3711,胡杨
3712,邵琦
3713,陈炜敏
3714,喀群乡
3714,阿卜杜热西提·吾西尔
3714,李毅林
3716,杜美霜
3717,董光敏
3717,孙
3717,婧
3720,董家田
3720,高磊
3721,丁智慧
3721,乔治·阿奇博
3721,Archibald
3721,丁
3722,安特生
3725,武川县政府
3725,云艳芳
3725,杨丽芳
3727,王丽珍
3729,宋勤说
3730,黄鹤
3732,李白
3732,宋豪新
3732,宋思卫
3734,白雪梅
3735,李汝珍
3736,席茂君
3736,姚进忠
3737,余天英
3737,余俊龙
3739,张荣桥
3739,沈军
3739,王方
3739,关锋
3739,孙泽洲
3740,温林义
3740,阿吉古丽·木拉提
3740,库车市
3740,张蒙
3744,衡亮
3747,邱辉强
3747,刘斐
3753,贾晓东
3753,赵贡桥
3753,杨文惠
3753,胡宇雯
3753,杨建宏
3754,潘宏宇
3756,苗青
3756,青亮
3758,礼遵
3758,巷口镇
3758,王锡红
3758,杨
3759,赵河镇
3759,梁营村
3759,张栋察
3760,田世远
3761,扎刻
3761,徐健
3767,白沙桥
3768,刘祥学
3770,王华
3771,杨平
3771,邹德志
3771,陈荣庆
3774,谌祖玉
3778,王建军
3779,茂腔
3779,田国
3779,李海涛
3781,王嘉毅
3782,秋季线
3785,郑辉喜
3787,瓦子街
3787,宋子城
3788,悦游·湖里
3788,湖里区
3788,党走·奋进
3790,金普篇章
3791,张诗亚
3791,李政涛
3791,孙杰远
3791,刘宝存
3793,鲁疆
3795,杨驰原
3795,王蒙
3795,舒婷
3798,潘登岭
3800,安顺经
3800,谌贻琴
3801,安顺经
3804,献舞
3804,挞啰
3804,张俊锁
3804,吴艳涛
3804,宋光旭
3804,杨忠旭
3805,郭露
3806,刘方斌
3807,川渝行
3808,李心草
3808,莫扎特
3808,贝多芬
3809,许帮跃
3809,彭红玲
3810,浙疆·共富
3811,孙建军
3814,吴一凡
3814,韩梅
3815,李
3817,刘山乡
3817,柳
3818,吴旭颖
3819,王熙率
3820,夏黔军
3822,曲洛乡
3824,张武军
3825,古风
3827,杨敏
3829,梁
3833,王正摄
3833,人民
3836,张晓亮
3840,石关乡
3840,马畈村
3841,黄伟
3842,周绪江
3842,蔡家院
3844,杨岭村
3844,王鼎
3844,王溦
3845,张冬奥
3845,张静致
3847,张宏阳
3848,胡杨河市
3848,耿新豫
3849,刘套镇
3849,刘柳
3849,张长朋
3856,谭震林
3856,省文化
3857,孔祥武
3860,潍坊籍
3860,郑板桥
3860,唱普法
3864,索伦村
3864,萨满舞
3864,黄昀梓
3864,姚建平
3864,朱云峰
3865,蹇世誉
3867,彭静旋
3867,王晓勇
3868,郝国胜
3869,曲香泓
3869,杜怀
3870,张洪侠
3872,古泗州
3872,小宋
3872,旅目
3872,吴天元
3874,习近平
3874,李文青
3877,宋振虹
3877,董文
3880,朱华梅
3880,郭窑
3881,麦微纯
3881,李丽丽
3883,范长
3884,山旅
3884,苏向东
3884,李清照
3885,余乃鎏
3886,毋慧芳
3886,安伟
3888,笃板
3888,鲁迅
3888,刘
3889,高向荣
3890,习近平
3892,王良
3892,文化研
3893,周亚旭
3894,杨杨
3894,刘强
3894,宋燕军
3897,傅雷
3897,晏波
3898,屠氏
3898,平湖廉
3902,索伦村
3902,萨满舞
3902,黄昀梓
3902,刘天明
3902,李文卓
3906,罗冲村
3906,陈萍
3907,永昌堡
3907,古堡·城市
3908,罗实宜
3908,龙轩
3909,马山镇
3913,吴忠早
3913,吴忠新
3913,吴忠特色
3913,吴忠感
3913,赵玉国
3913,张海程
3914,苗文化
3915,帅弋
3916,何江华
3917,徐庄村
3919,韩传号
3920,洪江区
3921,吕会生
3923,许沟
3923,白蛇传
3923,罗贯中
3923,幽兰阁
3923,许沟村
3924,旅彰文
3924,姚古镇
3924,骆怡
3924,蔡丽
3925,骆学峰
3927,朱旭东
3928,郭佳
3928,周红
3933,谈家风·传家训
3934,明朝官
3934,寺钟
3937,卓玛
3938,甘云
3938,丁固
3939,潘正伟
3939,苏海欧
3942,张雪晴
3943,李修科
3945,吕夷简
3945,范仲淹
3946,莫高义
3947,可观可感
3950,游伟
3950,邛州园
3952,蒋国飞
3953,王力
3953,龙虫
3954,王力
3955,胡杨河市
3957,布魂
3959,唐红琳
3961,旅目
3962,杨三
3962,翟孝子
3962,龚旭东
3962,胡豪
3963,朱滨华
3963,郭彤彤
3965,汪有民
3968,海拉提
3969,刘晓峰
3970,阿朵
3970,秦皇
3974,王馗
3974,李梅
3977,卓玛
3978,金秀
3978,吴雪君
3978,黄珊珊
3978,吴明江
3979,朱章义
3980,肖本华
3981,汤溪
3981,曹志耘
3982,张靖
3984,伍志祥
3984,钟明伟
3987,金辰坤
3988,金宝乡
3988,唐文忠
3988,党·快乐
3988,王艺捷
3988,张书湘
3989,吴鹏宏
3989,赏析会
3989,胡中行
3991,王平
3991,旅盛宴
3991,红星
3993,赏亳药
3997,宋庆龄
3997,聚宾朋
3997,孙中山
3997,载沣
3999,辛丑年
4000,沙龙
4000,方正
4001,李贵
4002,刘志丹
4002,纪念园
4002,高家沟乡
4003,丹故
4003,高峰薅
4003,高安唢
4004,钟楼街
4004,陈少卿
4004,王爱琴
4004,马骏
4004,达据
4006,刘志丹
4007,祭祀日
4007,雷
4007,雪及
4008,毛泽东
4008,王宴
4009,汤集安
4009,常建伟
4012,赵桐
4016,陈剑
4018,李亚辉
4020,黄小镇
4021,文艺汇
4022,木黄
4023,娇艳可人
4023,张斌
4025,库车市
4025,沙龙
4025,王陇江
4026,杨武乡
4026,杨武
4026,润墨
4026,普里
4027,洛龙村
4030,刘健
4030,董泽甫
4033,栗稳
4033,周宁
4043,普惠均
4043,王姗
4044,陈岭村
4045,李建军
4047,金华新村
4047,叶锡挺
4049,王立群
4054,沙龙
4055,沙龙
4059,叶方杰
4059,薛建文
4059,潘仕慧
4062,唐红琳
4063,唐红琳
4065,凤凰洲
4066,袁家军
4066,习近平
4067,曹禺
4067,周旨
4067,万昭
4067,吴祖云
4067,曹禺剧
4068,习近平
4068,杨逢春
4068,慎终如始
4070,起聊·文化
4070,越平
4071,起聊·文化
4071,陈崎嵘
4073,赵玉国
4077,郑海鸥
4077,苏滨
4077,王
4077,王珏
4077,朱虹
4077,曹玲娟
4077,刘阳
4077,王永战
4077,张丹峰
4078,幸军
4083,武文化
4083,阿娜
4084,麦秆画
4084,卢氏心
4085,牛文物
4085,肖文物
4085,黄
4086,王奶奶
4089,肖文物
4089,常胜梅
4091,余杭·全民
4092,四廉
4092,余东村
4092,沙湾村
4092,赵抃祠
4092,剪纸馆
4092,杨坞红
4095,习近平
4097,杜甫
4098,洪泓
4101,省文化
4106,武侯
4107,剑南
4108,习近平
4108,姚文军
4108,刘海英
4111,王沟村
4111,田家岔村
4115,秋国风
4116,张秀平
4116,王莲花
4117,旅】
4119,旅游金
4121,陈孟丽
4122,甘肃·银西高
4122,高翔
4122,万学科
4123,蜀龙路
4123,链今
4127,河洛书苑
4127,马跃峰
4127,张毅力
4127,霍亚平
4128,蜀文
4131,汪哲平
4133,青田山
4134,刘灿
4134,周俊
4135,王宇
4136,何冀兵
4136,杜鹃
4137,独脚戏
4137,涤粘绸
4137,涤绢绸
4137,棚录
4137,相声
4137,张聿
4138,宋墓
4138,张煎饼
4138,玉祥
4140,胜利桥
4140,柳熠
4142,孙颖
4142,刘峰松
4144,高晴
4146,陶
4147,李光复
4147,张芸峰
4149,胶集
4149,沈莉
4150,杨氏太极
4150,杨氏
4150,刘会进
4151,彭远贺
4151,刘子林
4152,吴沛萌
4153,蒋永劲
4153,杨瑞勇
4153,汪女士
4153,陈琦
4154,蒋雪林
4155,蒋金泰
4156,高天
4157,朴温暖
4159,罗南·吉尔
4159,斯蒂芬妮·丹尼森
4162,颐
4162,金桂
4162,梅
4169,刘守华
4170,陶渊明
4170,石市镇
4170,桥西乡
4170,金丝楠木群
4171,陶渊明
4171,石市镇
4171,桥西乡
4171,金丝楠木群
4172,其作
4172,王寅
4172,拉嫡娜·迪米特洛娃
4173,其作
4173,王寅
4173,拉嫡娜·迪米特洛娃
4176,揭小健
4179,徐宁
4179,鲁茂亮
4179,王洪俊
4179,刘大威
4179,何培根
4180,李国华
4183,江苏台
4183,沈杨
4183,屈原
4183,田远
4183,谢健
4183,张萌
4185,杨治明
4188,东渡
4188,鉴真
4191,娄勤俭
4191,娄勤
4191,许昆林
4191,张爱军
4191,赵世勇
4192,娄勤俭
4195,尚廉
4196,戴维·利弗莫尔
4198,习近平
4199,习近平
4200,习近平
4202,熊小亮
4202,黎川油
4202,周
4203,袁庭栋
4204,鲁迅
4205,金比农
4206,西尔维娅
4206,姚明峰
4206,莱罗书店
4207,习近平
4208,毛泽东
4211,习近平
4212,黄坤明
4213,黄坤明
4214,梅文
4218,显担
4224,王辉
4225,尹子
4226,戴学锋
4227,姚军
4228,齐晓波
4229,胡呈军
4230,吴熠炜
4231,博伟
4231,光明
4237,梁世
4242,单霁翔
4243,王玺昌
4244,松岩
4244,王雄
4247,富脑袋
4247,孔夫子
4247,武家村
4247,郭楼镇
4247,赵华
4247,荣子
4248,齐鲁·竞放
4249,安伯收
4249,侯静
4249,刘烨
4250,赵云龙
4251,宁薄
4251,温沁
4252,季羡林
4252,敦煌佛
4253,熊琦
4254,薄云峰
4255,郭吾古堡
4256,韦东
4256,陈春燕
4257,王继亮
4257,卢林向
4257,华志刚
4258,王继亮
4258,王猛
4259,宋延康
4261,徐文锦
4262,省文化
4262,郭斌
4263,代玲玲
4265,创意区
4266,莫言
4266,余秋雨
4266,薛其坤
4266,康震
4266,沙龙
4266,杜义军
4267,惠赏
4269,拓福
4271,周卫民
4272,李妍
4272,刘绍坚
4273,赖有光
4275,黄敏健
4278,石璧
4278,堆文化
4278,古蜀国
4278,张家坝
4279,刘士林
4280,陶艺品
4282,沙龙
4283,汤文
4283,莫海波
4283,张小宓
4286,云展
4289,从会
4289,王睿
4290,从会
4290,于波说
4290,黄花路
4290,马兰路
4291,从呼
4291,王磊
4292,潘俊强
4293,郭义强
4293,王晓峰
4293,湖北·武汉
4294,屈原
4295,洪江古
4298,余俊杰
4302,沈阳文
4302,孟繁涛
4304,王志芹
4306,宋延康
4306,编五
4307,刘斯宇
4308,刘枫
4309,李天平
4309,武威
4309,陈文武
4309,黎家月
4309,聚嗨
4309,万宁石
4310,布贴画
4310,郑学良
4310,李珍
4312,费元洪
4312,夏洁秋
4313,徐
4313,夏
4314,李思玥
4317,文杰
4319,劣迹睁
4326,宋元泉
4328,卢
4332,李永瑞
4332,拉洋片
4333,张多
4334,苏庄村
4334,韩愈
4335,周·
4336,省文化
4337,潘新红
4337,张树忱
4337,郑外籍
4342,马峰为
4343,贺定钰
4345,奥场馆
4346,秀民俗
4348,龚艳平
4349,阿拉坦仓
4349,刘九万
4349,王志强
4349,张树天
4349,陶格图
4349,苏大鹏
4349,刘国强
4349,张磊
4349,郑一卉
4349,黄建友
4349,张帆
4349,何明星
4349,贾卓昀
4350,苏建波
4350,广西·陆川
4350,陆川
4350,王勇
4351,李发彬
4351,洪自强
4352,肖云儒
4352,陕军
4352,高建群
4352,穆涛
4352,张琳为
4353,金选
4353,高良
4354,蒂同
4355,苏北琴
4356,沙龙
4357,朱志强
4357,侯琳琳
4357,游山水
4359,乐湖州
4359,乐湖
4359,安吉余村
4360,嘎查
4360,新娜
4361,瓦塘镇
4361,黄海燕
4363,左国庆
4363,邓莉
4364,沈阳文
4365,习近平
4369,旅彰文
4370,沙龙
4371,单霁翔
4372,孟华
4372,吴蕾蕾
4372,彭裕商
4372,邓飞
4372,陈年福
4376,习近平
4377,王志华
4378,吴少达
4378,尚明桢
4379,江苏奈
4380,凌冬
4381,努尔兰·阿不都满金
4382,习近平
4383,习近平
4383,张謇
4383,张謇杯
4385,阮成发
4385,王予波
4385,李小三
4387,陈晏
4388,蔡君
4391,冀蒙
4392,卢敏放
4393,王力
4395,文兴
4397,辛丙松
4397,刘颖
4398,金泽说
4398,金泽
4398,楼宇烈
4398,阿塔育·习萨目
4399,周卫民
4401,雪茄品
4401,张
4407,李庆松
4408,黄晓丹
4408,李悦
4410,黄启恒
4411,马建辉
4412,王
4413,罗晨敏
4416,张晓龙
4416,郝凝辉
4417,刘永乐
4417,芦苇画
4417,松风馆
4418,赵建棠
4418,王艺霖
4418,王干
4418,朱智忠
4418,张颐武
4418,李玉刚
4418,张晓龙
4418,李自贤
4420,秦定波
4421,朱坚
4421,宋文化
4422,王志民
4423,卓玛
4423,多吉
4423,格旦
4423,程静
4424,明道
4425,大禹
4425,潘季
4426,洪江区
4428,尚斌
4429,胡代松
4429,马栏山视
4430,屈贵
4431,徐典波
4431,徐康炎
4432,颜石敦
4433,陈志杰
4433,李秉钧
4435,陈旻
4436,杨宏斌
4438,胡卫列
4439,胡似
4439,江城子·少年
4442,武建芳
4443,兰毅
4443,恼包村
4444,兰毅
4444,陶明杰
4446,习近平
4447,南开·燕缘
4449,周桥
4450,顾雯鑫
4452,郑黎亚
4452,郑校长
4456,彭舟
4457,朱子
4458,张明新
4460,刘述武
4460,高卜纸村
4461,冯蓓
4461,胡静婷
4463,习近平
4464,丁家桥镇
4465,哈亭
4466,张卫国
4466,潘群
4468,李栋梁
4468,赵革
4471,傅琳
4471,傅琳颖
4472,淮塔站
4472,黄天荡站
4473,黄金带
4474,黄尚书府
4474,辜厝巷
4474,沙龙
4474,何晓军
4475,华林村
4475,范志祥
4475,马家咀
4478,黄震说
4480,高罗佩
4480,黄宏昌
4481,温小娟
4481,霍龙翔
4482,姜继鼎
4483,姜继鼎
4485,郑
4492,王荣丽
4493,王荣丽
4493,雪如意
4494,itour
4495,袁宝东
4499,张
4500,袁庭栋
4501,何平江
4501,古韵味
4501,甑皮岩
4502,何贱来
4503,何官
4503,邱兰说
4503,王青松
4503,帅弋
4504,何报翔
4505,朱士
4505,多重奏
4506,何桂英
4506,陈欣波
4509,悦书房
4511,郝明金
4512,郝明金
4514,苏堤春晓
4514,苏堤南
4515,贺牛年
4515,周云
4517,王春丽
4517,张骞
4518,司马相如
4519,欧杰
4520,诸葛漪
4520,榜·国风
4520,武艺榜
4523,朱熹
4523,朱子
4523,陈欢欢
4523,叶雄彪
4526,刘成
4526,顾青
4528,宋宝佑
4528,宋
4528,杨氏土
4529,冯塘村
4530,林长武
4530,王起仁
4530,肖冰
4531,肖冰
4532,冯琳
4532,郑艳
4533,李亚莹
4533,李勇
4533,英克
4533,周傲霜
4533,陈啸
4536,赖有光
4536,孙悟空
4536,二郎神
4536,扎结
4536,陶艺坊
4536,陈蕾
4538,苏春丹
4538,周火热
4538,雄安网
4538,安汇
4539,沙龙
4541,乔进
4541,乔进双梅
4545,朱砂古镇
4545,朱砂古
4545,镇景区
4545,史料展
4545,徐平胜
4545,陈
4545,彭芳蓉
4548,苏阳
4549,鹭大飞
4552,李群说
4552,曲星
4554,习近平
4557,辛佳
4558,张鹏
4559,张鹏
4560,张鹏
4561,黄学者
4561,王平
4561,汤晗
4561,赵
4561,王
4561,彭锐
4561,张
4561,怕扎
4561,周硚
4561,余亚心
4564,古舞
4564,卓根玛
4564,牛角琴
4564,陆广涛
4567,田沁鑫
4567,赵聪
4567,陈燮阳
4567,雷佳
4567,谭维维
4567,张碧晨
4567,杨千嬅
4567,冯满天
4568,赵辰昕
4571,郭菲
4571,南巡·驻跸
4571,吴会
4572,贺碟
4575,赵相康
4575,傩文化
4576,赵林
4576,周逸群
4577,秋樾
4577,贵州线
4578,曹
4578,王立琪
4578,罗柱明
4579,王林
4579,徐进
4580,征足
4581,刘亮
4582,龙章榆
4583,李健铭
4584,曾筱竹
4588,罗援
4590,王星
4590,阿蛮
4590,文旅局
4591,姜永涛
4591,周恩来
4593,寻·革命
4595,阿图籽
4596,赖有光
4596,南宁·三街
4597,王锐
4599,举办区
4600,冉俊彪
4601,陶罗生
4602,扎西
4605,王瑞霞
4608,宕渠
4609,铭党
4610,吴私说
4610,吴私
4610,刘佳
4612,刘庆柱
4614,李浩摄
4616,陈方式
4617,平津馆
4617,祁雅楠
4617,刘茵
4617,姚文生
4618,王明元
4618,秦永康
4620,郑祖德
4622,文旅业
4622,陈颖
4622,王嘉
4624,王旭东
4625,赵国英
4626,闫宏斌
4629,康震
4629,嘉宾席
4629,李星言
4630,娇花艳艳
4631,张建锋
4632,古夫镇
4632,马超说
4632,黄裕姣
4632,李成刚
4632,周燕琼
4633,伊拉姆西
4633,艾泽海尔
4633,拉里
4633,马莉玲
4634,微制作
4635,省文化
4637,旅发厅
4638,冯美芯
4638,魏兴谷
4638,朱丹宇
4639,富力
4641,钟哲辉
4641,符武平
4643,习近平
4644,王栋
4644,赵晨阳
4644,赵东东
4652,潘鲁生
4652,杨朝明
4652,赵秋丽
4652,颜维琦
4657,控新
4657,郑东波
4657,蔚治国
4657,张文俊
4658,金秋雅菊
4661,苏蕴山
4662,苏蕴山
4666,刘邓
4667,文帝
4667,习近平
4668,肖静芳
4669,王建军
4673,秦
4677,葛磊
4677,周兵
4678,文博人
4678,吉平
4679,习近平
4680,西路军
4686,梁犇
4686,王术青
4687,石峡村
4690,朱玉
4691,朱玉说
4692,欧阳坚
4692,习近平
4692,秦
4692,秦人
4693,田园色
4694,王嘉毅
4695,王嘉毅
4697,赵万山
4699,徐先锋
4699,徐先
4701,曹雪芹
4702,朱锡昂
4702,文轩
4703,杜建录
4704,明翰
4706,汪潜
4706,王牧
4707,王振中
4707,张润生
4707,王忠才
4707,贵秀
4710,乐文化
4711,赵国强
4711,洛大
4712,梁洲
4713,王秀兰
4714,郭宗光
4718,江一麟
4718,江湾人
4718,杨益琴
4718,齐彦槐
4718,余燕
4719,雷应川
4720,梁婧
4721,库尔班·尼亚孜
4724,李江玲
4724,朱庆峰
4724,石李峰
4724,储北平
4726,习近平
4728,王阳明
4730,马列文
4730,陈建斌
4730,梅婷饰
4732,李花节
4733,古典乐
4735,王文革
4735,王晓龙
4738,武俊华
4740,丁文
4741,傅文骏
4741,尚明桢
4742,傅柒生
4745,汤显祖
4745,张银华
4746,刘宝琴
4746,尤猛军
4747,朱紫坊
4747,朱嘉希
4747,福山
4748,爱吾庐
4749,陈君锟
4750,严复
4750,乐群路
4750,梅坞路
4753,张素萍
4753,李伟才
4755,郭昕婕
4755,王珩说
4755,颜珂
4755,王崟欣
4756,符韵林
4756,符韵
4756,黄碧莹
4756,廖靖芳
4757,姚文
4757,卢志辉
4757,沙龙
4757,潘晓璐
4758,肖绍印
4758,陈金梅
4760,沈从文
4760,文景观
4760,颜长文
4760,吴洁林
4761,吴明江
4761,唐小飞
4765,乃东区
4766,张亮
4766,黄传庚
4766,胡光华
4770,郭隋曦
4771,杨依霖
4771,侯琳琳
4771,马金
4771,杨晓箐
4773,陈明良
4775,王安石
4775,曾巩
4775,李觏
4775,陆九渊
4775,汤显祖
4776,庞茂琨
4776,李钢
4776,吴熙
4776,任其亮
4777,高领罐
4777,陈卿
4779,孙明岚
4780,红星
4789,郑东波
4789,李睿
4789,黄盟市
4790,王刚
4791,王睿
4791,孙晓云
4791,姜昆
4791,林永健
4792,周·
4792,沙龙
4792,金啤奖
4792,顾群业
4792,袁由敏
4793,白凤祥
4793,元宝岛
4794,李耕
4795,王蒙
4795,陈来
4795,王学典
4797,刘海天
4801,川交界
4801,斯郎拉姆
4803,单霁翔
4805,赵子义
4805,苗程玉
4805,王雪峰
4811,庄学院
4813,赵益普
4814,高樯
4817,张鸿杰
4818,李晓芳
4818,黔西市
4819,云丽
4819,刘晶)
4820,王生荣
4821,郝如香
4821,布糊画
4821,曹铮
4823,胡羊焖饼
4826,石明秀
4827,Kuishi
4833,胡彬彬
4834,红星
4834,张肇婷
4835,李利而言
4836,其惠
4837,赵腊退
4837,昂族
4837,德昂族乡
4837,赵腊
4837,冬瓜村
4839,李大钊
4840,薛新明
4841,王丽萍
4841,红星
4841,何鹏楠
4842,林晓滔
4843,邹愿松
4843,斗水龙
4843,玩八仙
4845,陈崎嵘
4845,万捷
4846,莎翁
4847,普沟
4847,杨丽
4848,荣宝斋
4849,游乐性
4850,刘海
4850,李浩
4851,巴土家
4852,扎香包
4852,编五
4853,屈原
4855,徐熔
4855,林白水
4856,林潇
4856,李文妍
4858,满羿
4859,董宝厚
4859,王筱雯
4859,赵洪南
4860,董宝厚
4860,王筱雯
4860,赵洪南
4861,武雷
4862,冀云
4863,陈大圣
4863,汪有民
4864,东亿·远方
4865,杨志刚
4866,许厝埕
4867,王佳妮
4867,周慧琳
4869,金晖
4869,李明肖
4869,沙龙
4871,郑芳
4872,艾春明
4872,蔡春喜
4872,拉场戏
4873,黄敏健
4875,赵家坝
4875,蒋学东
4875,范长江
4876,zykfc
4877,徐贵相说
4877,徐贵
4878,京宣
4879,黄凤显
4879,布洛
4880,黄河自
4880,黄河线
4881,周闭
4883,山东·博山
4886,姜
4887,张依盟
4888,格萨尔
4890,程勇
4891,周强
4891,习近平
4892,张豪夫
4895,孔子
4896,李途遥
4896,吴淑琴
4898,乐文化
4898,乐名家
4899,穆欣欣
4899,穆欣欣看来
4900,赵琳宋亚鲁
4900,方志敏
4900,王愿坚
4900,张品
4900,薛涛
4900,李牧雨
4900,冬子
4900,朱永新
4900,陈道
4900,张卉说
4900,王泉根
4900,林鹏旭
4900,刘海栖
4900,裘山山
4900,达娃
4900,黄月亮
4900,李熹梓
4900,史诗书写
4900,董宏猷
4900,徐鲁纵
4900,张品成
4900,曹文轩
4900,黄蓓佳
4900,张之路
4900,李东华
4900,孟宪明
4900,马克思
4900,党·百年辉煌
4900,卢昱
4901,翟忠华
4904,App投屏
4904,App衍
4908,龙兴
4908,柳
4909,石鼓村
4909,剪刻纸
4910,刘忠俊
4911,李金祥
4911,习近平
4912,白雨卿
4912,张女士
4913,王磊
4916,博东馆
4918,黄学林
4918,梁毅
4920,吕述谡
4920,荣艳丽
4920,黄启源
4923,金长城
4923,肖淑娟
4924,李文儒
4925,刘慧慧
4929,王学斌
4934,送欢乐·下基层
4936,张宏璞
4937,沈铁梅
4938,习近平
4939,习近平
4940,习近平
4940,秦博
4942,李祥
4943,武家村
4943,杜洪江
4945,马俊华
4945,俗园
4948,陈雷
4948,鲁迅
4950,于立忠
4951,马永翔
4952,黄昌勇
4952,刘怡
4952,徐剑
4953,黎苗族
4957,函谷关
4957,老子
4959,李学
4959,王绣
4959,常丽霞
4959,洛阳文
4961,胡肖飞
4962,吉狄马加
4962,李庄
4962,胡雪
4963,周家湾
4963,毛古斯
4964,童心颂党·百年辉煌
4964,郭茂华
4968,叶小文
4968,习近平
4968,齐长城
4968,陈来
4969,夏磊
4970,李珍
4970,余秋雨
4971,林善传
4972,罗氏绸
4973,徐昱
4975,阿勒泰羊
4976,王磊
4977,胥
4979,云夏
4979,汪桥村
4980,夏印社
4984,宋妮雅
4985,周训超
4986,乌英苗寨
4986,黄孝邦
4986,吴雪花
4988,周良
4989,莫尼山
4990,吉莉
4991,皮里
4993,贾洪涛
4995,王彦恭
4996,习近平
4996,朱咏雷
4996,胡家福
4996,张志军
4999,链凭
4999,NFT
5001,李飞
5002,彭
5003,袁静雯
5003,李旻佳
5003,胡欣雨
5003,旅荷
5006,程锐
5006,洪军
5007,苏玉莲
5007,风华·原味
5007,情怀·传承
5007,吴禾昆
5010,容纳度
5010,高包
5011,康熙
5011,古玩书画
5011,昆曲
5012,沙龙
5012,隋冬霞
5014,羊文
5014,苏东坡
5014,杨紧
5014,宋服
5015,单霁翔
5017,戴跃华
5017,王继亮
5018,邓小平
5018,龙嘉琳
5019,陈泳
5021,周贻
5021,黄丽娜
5022,王宗美
5022,张保忠
5022,李孟杨
5024,潘玲
5026,梅兰芳
5027,辛弃疾
5027,李清照
5027,齐长城
5031,方志敏
5032,付圣强
5032,川禾
5032,杜总
5032,韩寒
5033,王廷琦
5033,孔子
5033,邢占军
5034,侯琳琳
5034,侯红
5034,旅相
5034,李涛
5039,辛征语
5039,谢博宁
5040,陈春燕
5042,庄新城
5043,黄荣海
5044,冼星海
5044,范丽红
5045,习近平
5046,习近平
5052,东坪村
5052,陈守文
5056,田凯
5057,黄嵘
5061,胡和平
5061,郑建闽
5063,王薇薇
5063,杨建智
5064,姚伟
5064,旅赋
5065,李洪岩
5065,内普
5068,慕生忠
5068,望柳庄
5068,共建党
5069,杨建智
5071,尹隽
5071,陆羽
5071,委旧址
5073,马剑
5074,柏濩
5074,杜宇
5074,唐淼
5074,堆文化
5074,谭继
5076,郑峰
5078,宋国强
5084,杨源
5086,李鹏
5086,刘思迪
5088,林荣宗
5089,萨马兰奇
5089,罗格
5089,巴赫
5090,黄典林
5091,李白
5093,次仁
5099,贾思勰
5100,集宁
5101,马春鹏
5102,镜中月
5102,吕兴来说
5103,吕悦
5104,谢庆良
5104,刘三姐
5104,陈慧
5107,游客品
5109,许国
5114,范志超
5117,蒋乐平
5118,古坛
5120,徐福
5120,徐福会
5120,张良群
5121,安)
5121,孔子
5124,热血动
5125,黎苗族
5125,福地·花梨
5127,城·诗绎
5127,陆游
5127,丁如兴
5129,刘绍坚
5129,赵恩国
5132,张亮主
5132,王欣)
5134,谢琼
5134,李元龙
5134,曾雄
5134,杨龙见
5135,屠火明
5135,周勇
5135,鲍成志
5135,何一民
5137,王筱雯
5139,姚
5139,周礼贤
5139,王阳明
5139,阳明故
5145,屈原
5148,文化兴
5150,旅彰文
5151,曲水亭街
5154,张孝子
5154,慈孝·家国
5154,慈风
5155,乐涛
5156,马为梦
5156,马牧集
5156,夏桀
5156,马牧人
5156,马结
5156,马成
5159,刘海天
5160,珍·德温
5162,甘昊
5162,旻
5162,李玉婷
5162,聂荣臻
5162,赵迎昭
5166,贺牛年
5167,王伯春
5167,胡伟
5167,郝春辉
5169,晒福
5170,文塑
5170,白马河
5170,晋安河
5170,汉服秀
5170,周礼佾舞
5170,古风
5171,太原·欢乐
5174,留杭
5174,云推荐
5177,张焯
5180,汪子浩
5181,AR魔镜
5182,古风
5183,李晓愚
5187,范佳翎
5189,卡拉村
5192,白干人
5192,印象·衡水
5193,翰章村
5193,张天悦
5194,班利村
5194,卡胜地
5198,记忆馆
5198,张雪景
5199,旅系
5199,梁平4
5199,戴允康
5199,刘旗
5202,王宝
5202,陈勇
5203,广西·昭平站
5203,姚古镇
5204,刘晓说
5206,张艳
5206,李天翼
5207,剪纸节
5208,洛神
5210,吕艾玲
5210,魏彩霞
5212,兰宁
5213,钟
5213,钟叔叔
5214,唐
5215,吴杰
5215,杜尔塞西奥·梅洛
5215,徐元胜
5216,娜蒂亚·胡特尼克
5216,娜蒂亚
5216,习近平
5217,张芳
5217,邝积康
5219,韩真
5219,周莉亚
5220,鼓敲
5220,阿佤唱
5221,黄家康
5222,张华松
5225,宋氏
5226,蹲点式
5227,宋城
5228,蚩尤
5229,清廉风
5229,魏登殿
5230,程鹏
5230,时岩
5230,马全钧
5230,胡玉玺
5230,马全
5230,张原
5231,程家庄
5231,程颢
5231,程颐
5231,杨场村
5231,张仲
5232,德润心
5233,吴启钱
5233,王安石
5234,白长青
5234,王秒
5234,李浩
5235,杨志今
5235,张海涛
5237,习近平
5242,坊片区
5246,熊一凡
5247,温疫论
5248,温疫论
5248,刘裕国
5249,陈义宝
5249,马晓波
5249,中国·金湖
5249,金湖荷
5249,俞香顺
5250,陈兴华
5251,陈兴虎
5251,游金湖
5251,尧
5251,麦可兔小镇
5252,陈文学
5253,陈麒元
5253,巴兰坡
5253,刘圩镇
5254,陈立彩
5255,陈独秀
5255,李大钊
5255,胡适
5255,鲁迅
5256,陈半丁
5256,刘奎龄
5256,刘子久
5256,梁崎
5256,陈白一
5256,吴一峰
5256,黄叶村
5256,刘知白
5256,叶恭绰
5256,章士钊
5256,沈尹默
5256,马一浮
5256,谢无量
5256,张伯驹
5256,吴玉如
5256,启功
5257,马伯庸
5257,安仁·乐境
5259,韩浩月
5260,赵卫东
5264,王世元
5266,祝著节
5266,布努瑶
5267,李佳泽
5267,李恒阳
5267,秦皇
5268,周有
5270,张立新
5270,魏继斌
5270,杨国忠
5270,王烜
5271,齐家滨
5271,陈涛
5271,荣凯元
5271,严旭华
5272,常熟籍
5272,吴历
5273,吴坝镇
5273,吴坝特
5273,徐堌堆
5274,莫高义
5276,高科·玫瑰园
5277,宪平
5277,郭歌
5277,白雪
5278,秦
5279,姚婧婧
5280,李淑华
5281,格桑旦增
5281,格桑旦
5282,田中
5284,徐灿说
5286,叶长友
5287,周成泉
5288,老舍
5289,蔡宝姑
5289,毛雷
5290,王海东
5290,李超
5292,张杰
5293,夏心旻
5293,习近平
5295,付耶
5296,王蕊教
5296,朱霄
5298,赵杨
5298,李禄兴
5301,郭少敏
5302,施晨
5302,邬达克
5302,刘墨诚画
5302,刘素华
5305,习近平
5306,孔子
5307,梁志敏
5307,创新线
5307,秦雯
5308,谢艳红
5309,秦文
5310,孔涛
5311,旅体局
5311,武清海
5311,张刘艳
5314,本杀
5314,文化市
5318,奥行
5318,王建民
5320,增题
5320,李福增
5322,王
5323,李林
5324,永怀河
5324,徐驰
5324,宋芳鑫
5324,侯琳琳
5325,习近平
5327,聂荣臻
5329,张建光
5329,朱子
5329,刘晓宇
5329,王崟欣
5329,鞠鹏
5330,武文化
5333,献山节
5336,张维肖
5339,朱子
5339,熹光
5339,朝祭
5339,张萌
5339,朱子学
5339,林国财
5340,宁宁
5341,展近
5343,谢金英
5343,文艺点
5344,黄玉春
5344,许荩文
5348,张婕
5348,吴锡俊
5348,蒋
5349,张丰翼
5351,梁润生
5352,省文化
5355,重庆馆
5356,桑椹节
5356,游乡村
5358,宋文化
5359,鲁班锁
5360,土乡人
5361,笼香
5361,草莓迷
5362,藏棋
5362,角巴
5366,邱水平
5367,孔子
5368,杨乘虎
5369,詹石
5369,老子
5369,函谷关
5374,宋潮
5374,宋式
5375,云展厅
5377,赋力
5377,江西素
5378,刘曙光
5379,何俊杰
5381,重庆·合川
5384,何顺刚
5388,旅希
5389,旅希
5390,吴颖
5393,阿文化
5394,王博
5394,赵明辰
5395,张亮来
5395,张亮
5397,刘宁申
5398,沈颖
5398,何萍萍
5399,洪孟启
5399,许晋睿
5399,林寿山
5399,洪
5399,田青
5399,陈春霖
5402,蒋卓庆
5402,王宁
5402,罗东川
5402,郑建闽
5402,方世忠
5402,旅厅
5402,吴贤德
5403,黄东红
5404,刘勇
5405,袁云龙
5408,张守连
5408,勾超
5408,付玉鹏
5408,刘博忠
5408,尚子
5409,尧造
5409,孔孟棋
5409,汉宫
5409,弈事
5409,林建超
5410,李志刚
5412,莲文化
5413,王世杰
5414,闫希军
5414,张曦
5415,茅盾
5415,戈宝权
5415,叶以群
5415,于伶
5415,何香凝
5415,柳亚子
5415,文艺党
5416,王嫣然
5418,高以忱
5419,启扉
5419,东游
5421,王铁梅
5421,马静波
5422,刘新吾
5423,郑海鸥
5424,李秉新
5425,何强
5426,刘睿
5426,永乐乡
5427,李润
5428,吴铎思
5428,哈斯叶提·卡斯木
5428,润疆·福送万
5429,田国
5429,赵敬侠
5430,孙颖
5430,田义墓
5431,裴雨虹
5432,庞慧敏
5433,邹林
5434,许邵庭
5435,秋樾
5435,省·多彩贵州
5436,祁梦
5436,蔡奇
5437,牛伟坤
5438,刘莉莉
5438,姚文生
5438,杨柳
5438,风筝魏
5438,李强
5438,霍庆
5438,魏国秋
5438,肖桂森
5439,李允凤
5439,阿妹
5440,金秋时
5440,高空扁
5441,姜凝
5442,邓运
5442,贵州省林业厅
5443,邓运
5443,水城区
5444,陈明选
5444,徐劲涛
5446,龚德全
5446,柳
5446,龚德
5446,刘辉
5448,樊荣
5450,龚德全
5450,刘辉
5451,陈问菩
5453,马场镇
5454,高峰镇
5459,杨源
5462,岔河村
5462,牛北部
5463,杨林国
5465,汤欣健
5470,飘香·品茗
5470,黔茶·全球
5470,生态·文明
5470,免费品
5470,冉婷林
5471,后巢乡
5472,陈问菩
5473,王阳明
5475,帅弋
5476,云集市
5476,赵红薇
5478,区文管
5478,云展
5478,云展览
5481,张之铸
5481,徐湖平
5481,谢东其
5481,张峰
5481,刘庆南
5481,张爱君
5482,e先锋
5484,樊荣
5485,杨淳靖
5485,周清
5485,吴楷林
5486,周习勇
5487,余杰
5487,罗钦
5488,余菲
5489,肖月星
5489,陈丹说
5490,赵勇
5490,张海伦
5490,陈俐君
5491,张翀
5491,金伟忠
5491,宋文健
5492,赵林
5493,赵林
5493,旅盛宴
5494,赵林
5494,凉都·志愿
5494,晒文化
5495,赵林
5496,袁航
5497,袁航
5497,赖盈盈
5498,杨小友
5499,杨小友
5499,周庆子
5499,伍丽蓉
5500,杨曦
5500,北寨村
5500,高荡村
5501,杨聪
5501,杨代华
5501,韩聪
5502,吴楷林
5503,魏容
5503,凉都·志愿
5503,王秀群
5504,王拓
5504,许昆林
5504,习近平
5505,王晨曦
5506,沈长志
5506,邓雪)
5507,申东昕
5507,北寨村
5508,陆青
5509,刘霜
5509,周清
5510,刘霜
5510,周清
5511,李玺
5511,老城街道
5512,李卫
5513,李卫
5514,李卫
5514,常少海
5514,旅惠民
5515,匡奇燃
5516,金秋时
5517,金秋时
5518,黄霞)
5518,融合牌
5518,晒文
5519,付奇
5520,方思伟
5520,黄莉
5521,邓运)
5522,单志强
5522,杨远帆
5522,邢善
5522,邢善萍
5523,柏桦
5524,陈阳
5524,阿力
5525,张志锋
5525,曹雪盟
5526,高炳
5527,强郁文
5528,孙
5528,李金早
5529,曹玲娟
5530,王伟健
5531,吴杰
5532,王冰雅
5532,宋喜群
5533,叶传增
5534,肖家鑫
5535,朱
5535,钟文
5536,张茂
5537,武亦彬
5537,王可心
5537,绘中秋
5538,王雅慧
5538,王雨霏
5538,卡若
5538,石矛
5538,格萨尔
5539,母家亮
5539,王勇超
5539,杜甫
5539,王昌龄
5539,韦应物
5539,杜牧
5540,李旭佳
5540,王勇超
5540,王勇
5541,李夏
5542,黄培昭
5542,巴德朗
5543,范俊
5543,韩
5544,柏桦
5544,旅惠民
5545,窦瀚洋
5545,杜占元
5546,钟
5547,张鹏禹
5547,徐宝锋
5548,刘国祥
5548,卢兆荫
5549,李
5550,赖睿
5550,韩子
5550,薛镭
5551,张贺
5551,卡通猫
5552,郑海鸥
5552,云展
5553,罗珊珊
5554,郑海鸥
5555,程龙
5556,严冰
5557,郑娜
5557,赵珊
5558,闫晶晶
5558,两弹一星
5558,李桂广
5558,胡卫列
5559,陈晓燕
5559,王维砚
5559,会界
5559,张茂华
5560,郑海鸥
5561,潘俊强
5562,刘阳
5562,慎海雄
5563,郑海鸥
5563,王珂
5563,侯振刚
5564,潘俊强
5565,王珏
5566,许伟
5567,潘俊强
5568,何欣禹
5568,湖北·武汉
5568,王晓峰
5570,老舍
5571,王莽撵
5571,刘秀
5571,莽所迫
5571,王建设
5571,雷晓鸣
5573,西桥站
5574,单霁翔
5574,林文化
5574,黄会林
5577,乔建永
5580,庄新城
5581,陈冬
5581,刘宇辉
5581,徐贱云
5581,周一向
5582,梅松
5583,京宣
5584,皇甫
5584,军伟
5587,杨海滨
5589,武文化
5593,蔡奇
5593,陈吉宁
5594,王莘
5594,沙画展
5594,杨连弟
5597,苏段
5598,苏东坡
5599,郭兆仁
5600,习近平
5604,平国弘
5605,寺河山
5606,魏冬妮
5606,杨三孃
5606,甘食
5609,张广文
5609,许若军
5609,李晓芳
5610,刘文涛
5610,山西·湖北
5610,旅知
5612,习近平
5613,站假
5616,朴学东
5618,杨浦文旅
5620,许光达
5620,马栏山视
5621,白玉
5621,白玉刚
5621,高便利性
5621,郭洪申
5622,旧县村
5622,依托处
5623,陈海燕
5624,唐
5624,清直
5625,白鹿
5626,张萌
5626,郭睿
5629,遗元素
5631,蜀文化
5631,堆文化
5631,朱亚蓉
5632,秋线
5632,何蒨
5632,卢沙野
5634,拉萨电
5641,省文化
5641,测体温
5642,旅彰文
5654,王志发
5654,戴斌
5654,袁华
5655,王锐
5655,汪一光
5655,林拥城
5656,于子涵
5656,老人量
5656,赵甫
5656,于子
5657,爱德华多·洛佩斯
5658,慕萨莱思
5661,孙维娜
5662,金宝乡
5662,高田镇
5662,杨堤乡
5663,徐古街
5663,山红色
5664,吴涵
5664,阎根齐
5666,张元林
5666,莫高人
5667,杨燕伟
5669,河北文
5669,王荣丽
5669,北文
5673,杨海周
5673,张颖琳
5673,窦林平
5674,山西文
5675,卢东亮
5675,山西文
5676,张丽芸
5677,孙延军
5677,王宝柱
5677,胡丰
5679,林炎志
5679,赵芳
5680,王净依
5680,李海东
5680,杨建国
5680,梁建伟
5681,高晓玲
5681,洪扬
5683,皖电
5683,田迎亭
5683,王强
5684,王书平
5684,尹沧海
5684,孟庆
5686,郑安纲
5686,张烨焜
5688,王珊珊
5689,陈晓
5691,洪毅
5692,李克崎
5692,刘涛
5694,李韧所
5694,李韧
5694,任秀梅
5695,迪丽娜尔·阿布都拉
5695,降央卓玛
5695,塔斯肯
5695,李德
5695,戈景
5695,尼瓦尔·阿扎提
5695,莫何如
5698,蔡立新
5698,侯凡
5698,宋晨晰
5698,韩梦宇
5698,姜雨涵
5698,刘妍
5698,徐明月
5698,尹江花
5698,王芳
5698,张芷维
5698,胡萍
5700,记忆带
5700,格言墙
5700,邹
5700,倜然
5700,汪燕
5701,白毛女
5701,雷佳
5701,张英席
5701,高鹏
5702,兰州·全民
5704,兰云
5704,钟山
5704,粤东会馆
5705,李小勤
5706,罗环跃
5707,世界·正安吉
5707,陈晋武
5708,林永梅
5709,从敕
5710,王文嘉
5710,杜昱欣
5710,黄帆
5712,梁桂率
5712,梁桂
5713,李寨村
5713,戴桂锋
5714,扎稻草
5716,蓝绍敏
5716,孙晓云
5716,苏
5716,苏贵
5716,范力
5717,贾佳
5718,邱文鹤
5719,田地委
5719,李小东
5719,杜合
5721,夏同龢
5721,夏同
5721,高炳山
5721,张倩
5721,文解
5721,财指
5721,状元厅
5721,王道东
5723,张
5727,王吉宝
5728,黎苗簸
5729,叶文化
5729,林公园
5729,天桥沟
5730,苏东坡
5730,李恒
5731,温泉庙
5733,传承·创新
5734,艾德莱斯绸
5734,田指挥部
5734,米佳
5734,艾德莱斯
5736,黄文旅
5737,郑荣林
5744,刘新乐
5744,郝飚
5745,牛晓丽
5745,袁希利
5745,郭渡村
5749,秋月
5749,周训超
5751,旅文局
5751,王昌辉
5751,王琳文
5753,沙龙
5755,李声能
5755,秋满堂
5755,秋花映
5757,黄平
5759,林格尔县
5759,冯雪玉
5762,钱有龙
5763,范波
5764,范波
5766,瞿上
5767,吴寿宜
5768,沙龙
5768,吴文生
5768,唐宝山
5768,邓国精
5768,李盛华
5768,万仲文
5769,黄君
5769,林峰
5769,姚惠芬
5771,中轴·一脉
5772,张文俊
5774,杨杰
5774,卢富华
5775,云游客
5775,马爱平
5776,黄艳
5777,宁
5777,夏文
5777,赵明霞
5779,习近平
5780,习近平
5781,习近平
5782,赵伟
5782,冯健
5783,李丹
5786,毕占
5786,陈馆
5787,周军
5787,周
5788,黄其松
5788,付国艳
5788,赵湛娇
5788,王长城
5788,范昭平
5788,王俊
5788,黔粹行
5789,祝著节
5789,安布
5790,田远海
5790,黄勇
5791,郑东波
5792,张奕民
5793,感风情
5793,周贻刚
5794,何必良
5794,黄尚晃
5794,刘智伟
5794,林斌
5794,叶承志
5795,致敬·回望
5795,砥砺·奋进
5795,追梦·启航
5796,王晓
5797,陈彦彦
5798,谢雄峰
5799,库车市
5799,王建强
5800,董殿毅
5800,赵恩国
5801,马村镇
5803,董殿毅
5804,黄伟林
5804,唐子清
5806,周2021
5806,周杰
5806,陈文益
5807,姜波
5807,蔡紫旻
5809,杨娜
5809,荷文章
5811,刘家堡
5811,王琼故
5813,李志波
5813,陈力宁
5815,刘三姐
5818,霞景区
5819,郑洁杯
5819,察尔湖
5821,郑洁杯
5821,察尔湖
5821,黄河魂
5822,党走·深入
5822,韦苏文
5823,刘照文
5823,黔北·畅游
5828,秦
5828,曾起超
5829,金沟乡
5829,马家山
5829,董永
5829,马
5831,高书生
5831,陈建刚
5831,董殿
5831,沃丰
5834,台稷
5834,久久为攻
5838,刘连杰
5838,卢世杰
5839,张昌山
5839,张晨
5841,天河潭
5843,习近平
5844,赵加岺
5844,寨上街
5844,刘芸
5844,何沛霖
5847,刘绍坚
5847,董殿毅
5848,辛丑年
5850,王晓军
5852,霍艳华
5852,张琦
5852,王金一
5853,遗展厅
5854,王功孝
5855,霍文
5855,韩昀祥
5855,陈霜
5855,巴特呼亚格
5856,肖淑娟
5857,林雪娜
5858,施茶村
5860,省文化
5860,谢念
5865,文旅局
5865,索善武
5867,章仿秋
5868,李芳
5869,董陶文
5869,董陶窑
5869,刘秀泉
5869,狼垡二村
5870,苏海森
5871,党·献礼
5872,阜蒙县委
5872,即蒙古贞
5873,杜莉
5874,赖志凯
5875,黄河魂
5875,黄盟市
5876,胡文平
5878,单霁翔
5879,习近平
5880,苏东坡
5881,王明元
5883,赵骞
5884,彭福刚
5884,刘慎银
5884,任卫国
5884,吴仁谦
5886,段青英
5886,侯婕
5886,魏传永
5886,王瑞宇
5886,英对市
5887,安佰军
5887,王伯春
5889,陶小霞
5890,金龙村
5894,陈颖
5895,记黄军
5895,谢兆军
5896,吴晓铃
5897,李茁
5897,徐继珍
5897,赵振江
5900,侯汉敏
5900,隋荣
5900,柯尼斯·杉尼
5900,张勇东
5907,田历史
5907,金玉
5907,万方乐奏有于阗
5907,王金文
5908,沙坡村
5909,林俗树
5910,笙踩堂舞
5910,覃
5915,黄梅花
5916,何氏
5916,刘澍森
5917,代尼萨克·多力坤
5917,赛力克·达吾
5917,阿勒别克·哈得别克
5917,玉麦尔艾力·麦麦提
5917,古丽·阿不力木
5917,王娜
5919,黄建新
5922,道宋村
5925,何建明
5925,悟思
5926,迎夏礼
5927,嵩县
5928,朱海闵
5929,李妍
5929,刘绍坚
5929,魏红涛
5930,陈文武
5931,莫岚远
5933,高虹镇
5939,杨文良
5941,葡萄镇
5941,诸葛
5941,周寨
5941,诸葛亮
5942,欧阳坚
5942,秦
5942,秦人
5946,尚重镇
5946,杨文斌
5947,范汉斌
5950,熊月
5950,周智强
5950,徐涛
5951,容辞
5952,兰毅
5952,郑东波
5955,赵文化
5955,赵国古
5956,麦子店街道
5958,贺娇龙
5958,李兆刚
5958,杨春梅
5958,金亿杯
5959,黄春萍
5959,沈培红
5960,吴忠青
5961,何金平
5961,恳谈会
5961,郎朗
5961,黄河颂
5962,徐星瀚
5964,省政协
5964,周继业
5965,孟繁友
5966,雷东生
5969,黄慧
5970,杜安妮
5976,高寺东路
5977,范永贞
5980,刘晓鸣
5981,黄彩毕
5983,甘谷籍
5983,姜维杯
5984,周云岳
5985,刘宽忍
5985,黄赞
5985,王福豹
5985,张莉娟
5985,吴志毅
5985,高莉
5987,杨新民
5987,王启立
5987,魏向军
5990,JK
5991,德岛县
5991,张晓燕
5991,王旭明
5992,习近平
5992,侯婷婷
5997,张慧瑜
5999,于右任
6000,沈晓明
6002,孙建新
6002,天心
6002,石智卫
6002,洛阳·畅游
6003,贺国
6003,何波
6003,王黔
6003,石洋
6003,李发军
6003,赵荣文
6004,王阳明
6004,张恒智
6004,李小龙
6004,姜继恒
6004,陈贤霞
6006,常玉轩
6006,郑阿
6007,庄控股
6007,庄文化
6009,李冬黎
6009,肖海燕
6010,杨雄
6011,韦立
6013,魏向军
6013,张指挥
6015,毛泽东
6015,循伟人
6016,梁卫东
6016,夏燕庆
6016,麦一帆
6017,李晓秋
6017,李贵
6019,程中海
6020,李晶龙
6021,张宏森
6021,七祖
6021,永和塔
6021,刘宾
6022,姜继鼎
6022,康洁
6022,吕旅
6024,省文化
6025,达士
6025,王村乡
6025,青华镇
6025,英庄镇
6025,侯祠
6026,李大人
6027,张官营镇
6027,张镭瀚
6027,屈原
6027,犨城
6027,屈
6027,杨孙庄
6028,周宁·茶乡
6028,文婷
6028,周宁
6028,振兴·茶香
6029,丁家桥镇
6029,董敏慧
6031,文旅局
6031,艾里缇斯
6031,奥斯卡
6032,文旅局
6032,艾里缇斯
6037,姚琳尹
6039,潘海深
6041,荆楚映
6041,杨丽萍
6042,蔡立新
6043,王萌
6043,姚振声
6044,肖日东
6044,龙翔
6046,李晓秋
6046,秋强
6047,徐志松
6048,谈国
6048,文旅局
6048,杨瑾
6048,林森
6051,李江
6052,宋小兵
6052,陶文化
6053,林晓蕾
6054,董洁
6054,刘刚
6055,武斌
6055,陈超英
6059,朱晓玲
6060,曾悦
6063,文旅厅
6063,沙龙
6064,辛丑年
6064,黄帝故
6065,李建辉
6065,林谟谐
6067,郑市委
6067,马宏伟
6067,孙晓红
6067,宫长
6067,高以
6069,刘晓峰
6069,徐华
6071,王荣丽
6075,米克拉依·依布
6076,习近平
6076,李新明
6078,梁
6078,李义岩
6079,冯巩
6079,郑建闽
6081,内凭
6082,省文化
6082,大禹
6082,王阳明
6082,鲁迅
6084,夏黄河
6086,董殿毅
6086,郭万
6087,闫险峰
6087,张玮
6088,韦岳峰
6089,盛典·共享
6092,蔚治国
6092,马丽云
6093,王晓春
6093,叶晓东
6094,朱槿路
6095,余祖剑
6095,刘敏
6096,杜开雪
6096,朱启艳
6097,颂党恩
6098,龙真
6100,董啸啸
6100,张红坤
6100,文艺党
6101,谢嘉伟
6101,常玉轩
6103,王兆光
6104,马萧林
6105,金洪石
6106,张笑天
6107,江景线
6108,江景线
6108,谢永辉
6109,刘梦晓
6111,王学
6111,杜开雪
6112,英庄
6114,刘潋彬
6114,百宝箱
6114,顾曹
6115,习近平
6115,吕岩松
6116,莫高里
6116,丁素云
6118,闫晓东
6119,古石巷
6119,古石屋
6119,古风地
6120,张建春
6121,吴羽恒
6124,梁浩
6125,吴菲
6125,喜庆感
6126,畅观影
6126,惠民乐
6127,畅观影
6127,惠民乐
6128,何金英
6129,苏东坡
6130,宋依璇
6130,郑杨
6131,清文化
6131,文旺城
6131,苏颖
6132,孝庄
6132,凤凰楼
6132,李声能
6133,赵军
6137,孙凡越
6138,王伟
6138,陈如桂
6139,旅厅
6139,吴贤德
6140,兰马赛
6142,汤文
6142,文旅厅
6142,任江
6143,王毅
6145,孟庆海
6146,达里
6146,曹华
6147,旅文局
6147,秋游棋
6148,郑国荣
6149,毛伟明
6149,省文化
6149,习近平
6150,王灵桂
6150,省政协
6150,王锐
6150,张轨
6155,袁家军
6155,习近平
6158,肖夏勇
6158,菲利帕·哈瑞森
6158,刘娜心
6158,周立民
6158,雪如意
6159,史家营乡
6160,赵永艳
6161,文旅局
6162,奥元素
6162,谢金英
6165,吴
6166,周明宇
6167,杨华
6168,西瓜节
6169,凉都·欢乐
6171,陈剑
6172,克西乡
6172,富脑袋
6173,陈同
6178,niconico日
6178,耿忠
6179,尹力
6180,周金鹏
6181,金不换
6183,清明
6184,王功孝
6186,杨楠
6190,田地委
6190,朱彪军
6192,毛宁
6192,史柏亭
6193,周保君
6193,周斌
6193,郑晓燕
6194,李白
6195,刘旖洁
6195,雷晓敏
6195,陈菲
6195,李奇武
6196,赵顺勇
6196,李亚飞
6196,郎中牙
6196,谢红
6196,丁晓阳
6198,王希田
6199,杨行镇
6199,区科委
6199,赵懿
6200,曾繁文
6201,杜建坡
6202,胡智锋
6202,白庚胜
6202,黄会林
6202,孙竞
6202,李琨
6203,赵世琴
6204,庄歌尔
6204,人民
6205,李金早
6206,抗灾力
6208,古泗州
6209,旅上
6211,红星闪耀守
6212,张掖芦
6213,王继亮
6213,占堆
6215,毛泽东
6216,朱忠明
6216,张文兵
6217,魏怡
6217,夏4月
6217,马占才
6218,施茶村
6219,段维
6219,毛泽东
6219,刘炜
6219,陈嬿菲
6219,王雷朗
6219,赵一曼
6219,王琳
6219,郎朗
6220,樊欢迪
6221,王星
6228,洪绿化
6229,楚云
6229,张光北
6229,方锦龙
6229,洛天
6231,冯双白
6231,沈铁梅
6231,温玉娟
6231,文楚江
6231,唐俊乔
6235,迟钰争
6235,白虎团
6237,周
6237,封立涛
6237,沙萨·阿尔·穆拉
6237,阿里·扎希里
6237,刘金华
6237,谢赫马吉德
6237,黄心渊
6237,伊迪
6237,阿丽亚·沙姆西
6237,穆罕默德·哈雷布
6243,海边山
6244,熊英英
6245,魏敏
6246,孔子
6246,赵氏
6246,王彦军
6246,曲欢
6248,山居图
6250,李心田
6250,刘玉堂
6252,何小山
6252,刘霞霞
6254,习近平
6254,宋辽夏
6255,习近平
6255,宋辽夏
6256,习近平
6256,宋辽夏
6257,习近平
6257,高毅进
6258,张从良
6259,朝阳坡镇
6259,孔家村
6259,罗荣波
6260,叶明珠
6260,艾宇韬
6262,石牌镇
6265,陈官
6265,陶梦振
6265,杨鸣起
6265,黄江林
6266,沙龙
6266,邓梦春
6268,刘朝文
6269,汪世
6270,赵氏
6272,宋
6272,赵构德
6273,汾酒
6273,常建伟
6273,王涛
6274,慈城镇
6274,张思村
6276,杨正熙
6276,邓敏文
6279,陈柏光
6279,徐翔鸿
6280,陈琅
6282,列席省
6282,吴长江
6282,墨
6284,西升屲
6286,张衡
6286,古建所
6286,余书敏
6286,黄勇
6286,林映忠
6286,兰廷波
6286,王宫山
6290,张八桥
6290,何英英
6292,何顺劲
6292,牛皮凳
6292,旅文局
6293,王明山
6293,张艳芳
6294,努尔兰·阿不都满金
6294,孟庆
6294,李平
6294,李安民
6294,岳峰
6294,张盛华
6294,蒋平安
6295,从金
6296,王旭东
6298,胡惠春
6298,潘达于
6298,谭敬
6298,沈同樾
6298,顾丽江
6298,乐笃
6298,周
6298,孙煜峰
6298,丁燮柔
6298,罗伯昭
6298,李伟先
6298,巴金
6299,潘汉年
6299,按潘
6300,陈独秀
6300,德
6300,蔡元培
6300,孙中山
6300,李大钊
6300,胡适
6300,鲁迅
6300,马林
6302,李鹏
6302,邱毅
6303,田历史
6303,丹宸
6303,张化杰
6304,曹小红
6305,杨澜
6306,李鸿忠
6306,廖国勋
6306,盛茂林
6307,李鸿忠
6307,廖国勋
6307,盛茂林
6308,焦艳
6309,黄
6309,黄志刚
6310,万旭东
6311,江州城
6314,张琦
6314,谭卫平
6319,杨菲
6319,罗杨
6319,刘俊生
6319,张亭
6319,王明元
6320,宋书玉
6320,梁金辉
6321,刘邦
6321,张骞
6322,丁根厚
6323,丁文根
6327,咖啡·白沙造
6327,白沙造
6327,元门乡
6328,陶媚
6328,覃庭
6328,张雪娟
6329,侯晓
6332,张红玉
6334,郭尔罗斯
6334,夏赏荷
6334,秋观鸟
6336,王初
6337,王下乡
6339,高智国
6341,姚浩说
6342,廖静文
6342,徐悲鸿
6342,张文昌
6344,戴逸
6344,朱诚如
6344,古
6344,王其亨
6344,唐晓峰
6344,孙冬虎
6345,旅文局
6346,彭红玲
6347,万仁辉
6349,江天
6349,金良
6351,夏
6351,泽登
6351,旺姆
6352,龙景街道
6353,韩宏
6354,依学会
6354,周国茂
6354,伍庭富
6354,秋桥
6354,潘彦宇
6355,鹏飞
6356,张
6357,黔东南州教育局
6357,石含开
6358,王旭东
6359,鲁雯
6360,李焱
6361,张文平
6361,赵曦
6362,龙岗城
6364,莫凡
6365,刘海天
6365,龙脑桥
6366,英艾
6366,日克镇
6366,帕万拉村
6367,e先锋
6370,王林
6370,张学立
6370,张正华
6370,甘进
6371,童迪
6371,唐俊
6374,马尾造船厂
6376,吴印咸
6376,桑墟镇
6378,张建平
6379,王宁
6380,江文铸
6380,王平
6381,赵梦梦
6381,李梦婷
6383,詹丹
6384,团走
6384,邵帅程
6385,田历史
6386,赵保颖
6386,王玺昌
6390,蔡晓荣
6391,宋小军
6391,侯
6392,侯卫东
6393,林郑月娥
6393,严迅奇
6394,彭真生
6394,孟苗
6400,张永玲
6404,孟封村
6406,赵冰
6406,谢吕容
6408,段雪惠
6409,屈原
6409,读书洞
6411,老舍
6415,擎天一柱
6415,雷
6417,赵鸣骥
6417,大禹
6417,马卫光
6418,孟卓
6419,丁智
6421,张国臣
6421,张士海
6421,田鹏颖
6421,朱继东
6421,卢忠萍
6421,邱耕田
6425,黄春涛
6428,肖雨
6428,杨
6429,戴允康
6429,旅影
6436,付俊海
6436,郭象峥
6436,张涛
6437,傅聪
6439,俞莉
6439,姜润邈
6440,俞莉
6440,姜润邈
6442,贵港市委
6442,胡晶波
6442,杨绍丽
6442,张思
6445,刘聪
6445,吉安学子
6445,冯厚鑫
6445,冯同学
6445,谢
6446,庞芋香
6446,王·淮山王
6447,向阳乡
6447,康养福
6447,王昭惠
6448,刘爱力
6449,黄世杰
6449,林高林
6450,刘莹
6451,阿朵
6452,习近平
6453,浙疆
6453,李燕
6453,浙阿
6456,韦娟娟
6457,吉狄马加
6457,刘云为
6459,秦纪明
6459,苏东坡
6459,旅文局
6460,苗青
6461,罗成
6461,吕进远
6461,蒙冬莉
6461,苏伟
6461,陈朝裕
6463,梁桂
6463,习近平
6466,胡和平
6466,非遗·影像展
6469,张天韵
6469,蒋瑜媛
6472,吴婧说
6473,孔望山
6473,孔子
6473,李明德
6473,万安然
6475,风从海
6479,陈新伦
6479,王瑾
6479,戴一红
6479,张孟
6479,朱珠
6479,陆红
6479,王学
6479,周龙
6479,周麟
6479,姜慧
6479,吕宇坤
6479,古昶
6479,罗毅
6481,王坛镇
6481,王坛
6482,陈建华
6482,饶先
6483,桑胜文
6484,伍艺涛
6485,盛世·相约
6488,张辰源
6488,杨瑞春
6488,旅彰文
6493,刘宇旋
6493,周家庆
6494,凝雪
6494,王勇
6494,苏建波
6495,高中绘
6495,唐启斌
6496,黄维业
6497,蓝永前
6498,优秀县
6499,荃步村
6499,黄宗治
6499,湖羊赛
6500,女儿村
6500,姜
6500,姜小胖
6500,张院
6503,王思创
6503,王文双
6503,李林洪
6504,梁俊华
6504,范昭平
6504,陈梅
6504,陶健
6504,吴大旬
6505,王景萍
6506,陈瑞峰
6507,多玛村
6508,梁桂
6508,吴忠琼
6508,习近平
6508,宋城
6513,造甲乡
6514,沚区
6514,郑远
6515,王启飞
6515,侯小东
6516,徐渊
6516,尧管局
6516,史晓天
6516,黄文化
6516,邢春瑜
6517,奥威马
6517,习近平
6518,唐勇
6518,刘丽霞
6519,黄河魂
6521,沈秋平
6522,肖强
6523,肖强
6523,本片
6526,林
6527,郭中良
6527,崔晓勇
6527,黄建生
6527,戴庆贤
6527,蒋林健
6527,安平村
6527,薛正丰
6527,陶永辉
6527,肖永辉
6527,朱峥嵘
6527,李玲说
6527,徐超
6527,陈明
6527,黄欣美
6528,王评选
6529,柏尖山
6529,柏尖
6529,叶文化
6529,王雷
6529,赵东海
6529,鲁红
6529,杰致
6530,省文化
6531,杨光荣
6531,袁华致辞
6531,孙勇致
6531,张宁
6532,输油站
6533,陈晓静
6536,单霁翔
6536,金江波
6536,赵耀双
6541,丁世学
6541,刘玉堂
6541,王震
6542,兰星
6542,慧
6543,抗灾力
6543,韩强
6543,李独懿
6544,杜鹏飞
6546,邓小平
6546,张学成
6547,王浩雷
6547,唐勇
6547,孙岳龙
6548,唐金
6548,张世军
6548,赤山湖
6549,贺艳
6550,崔玉英
6550,杨小波
6550,洪捷序
6552,胡大雷
6552,张利群
6552,黄伟林
6552,王德明
6552,黄小娟
6552,钟琼
6552,陆政凡
6553,古蜀国
6554,习近平
6554,黄婉秋
6554,党走·深入
6555,习近平
6557,王春霞
6558,郜
6559,叶伯和
6561,游龙胜
6565,陈平原
6565,檐书店
6565,于京
6566,张凝
6567,习近平
6567,李建勤
6567,黄萍
6569,果琳
6570,陈月飞
6570,姚正陆
6571,李万军
6573,陈梅
6573,扎根贵州
6573,陈梅行
6575,习近平
6576,张天懿
6576,郭祝霖
6576,郭崇虎
6576,郭爷爷
6576,云展
6576,田博文
6576,陈望道
6576,墨水误
6576,周洪
6576,李晓东
6576,陈晨
6578,黄帅
6578,葛泰佚
6581,光明
6582,光明
6582,习近平
6583,光明
6584,光明
6585,习近平
6586,习近平
6587,吴桥
6591,辉
6592,聂平香
6593,汪军
6593,先唱
6594,汪军
6594,先唱
6601,陈女士
6601,王跃明
6602,邓小平
6605,鲁子
6605,夏谷鸣
6605,Emperor
6606,罗联永
6610,赵红川
6613,徐锦江
6614,李君娜
6615,廖燕玲
6615,黄泥鼓
6616,龙翔
6617,乌漆墙
6618,姚远
6618,龙翔
6619,吟诗行
6620,马克思
6620,黄炎培
6620,恩格斯
6620,列宁
6620,毛泽东
6623,贺云
6623,张超
6624,于洲
6624,孙悟空
6624,姜子牙
6626,沿燕山
6626,金山岭
6634,培育文
6634,旅康
6635,朱子
6635,武夷
6638,吴玉圣
6638,盖保村
6641,庞雅妮
6642,昆曲
6643,王伟健
6644,马科元
6645,新语·让好
6646,赵桐
6647,蒋云龙
6649,房玉林
6650,习近平
6652,文忠
6652,黄河篇
6653,习近平
6656,曹光哲
6656,蒋正春
6657,钟舒涵
6657,罗毅
6658,张涌泉
6659,习近平
6661,科技流
6662,侯英
6666,陈丰华
6666,施艳卫
6668,辛勤汇
6668,米启伟
6668,杨元琪
6670,宫正
6670,刘兴杰
6671,正红馆
6671,邓茜
6671,胡奕昕
6672,徐翰
6673,陈女士
6673,石杰清
6673,王勇
6673,沙丽
6674,白求恩
6674,杜丽君
6676,罗林虎
6677,拉斯洛·帕克维奇
6678,黄达纯
6680,王沸健
6682,袁
6682,杨通权
6682,李天翼
6683,叶圣陶
6683,叶兆言
6684,邓小平
6684,文兴
6686,张毅常
6686,杨惠姗
6686,林中琦
6686,沪台
6687,张海秋
6687,沙龙
6687,魏宏
6687,海秋
6687,赵金灿
6688,梁家庄
6689,杨育萍
6690,杨宏朝
6690,陈稼琳
6691,周海涛
6693,云展厅
6694,李兴军
6695,沙龙
6696,王继亮
6697,麦文雄
6698,徐伟
6700,王广燕
6701,冯宝宝
6701,张楚岚
6701,王月圆
6701,王
6701,金文
6702,炼党性
6702,黄钰林
6703,汪德洪
6703,金忠民
6706,习近平
6708,曹雪芹
6709,龙塘寨
6709,唐波
6709,李耿
6709,周玉祝
6710,夏
6711,李明泉
6712,孔子
6712,孔
6713,千岁
6714,陈中
6714,谢慧淦
6715,先唱
6716,鸮尊
6716,郜向平
6717,谢金英
6718,白岩村
6718,韦通贤
6719,狄仁杰
6719,于成龙
6719,梁降仙
6721,孔繁秀
6721,郑堆
6723,郑梦英
6723,黄金深
6725,毛艺
6725,熊晓明
6725,朱玲玲
6726,姚婧婧
6730,吴
6730,李慧姝
6730,李阿姨
6733,吴伟会
6734,陈炜
6734,陈炜说
6734,周恩宇
6735,黎苗族
6738,灶壁
6739,胡斌
6739,江口村
6740,林田远达
6741,翟龙
6741,李学友
6741,邓维宣
6741,刘勇
6742,孙海波
6743,郭应成
6746,古迹钩沉
6746,黄海荣
6747,莫兰迪
6748,张磊
6750,柳
6751,付永顺
6752,王蒙
6752,王蒙以
6752,王蒙说
6752,夕死可矣
6752,道生
6753,朱玉侠
6758,董秀堂
6758,梁智精
6759,韩愈
6759,陈伟南
6762,冯玉萍
6763,高星
6764,习近平
6765,康瑞霞
6765,刘介民
6767,罗华德
6768,夏敬文
6769,赵江涛
6769,代柳梅
6770,赵建军
6770,宁夏馆
6771,苏
6771,汉领
6772,穆玉琛
6772,独知守其根
6773,沙龙
6774,钱林林
6774,林林
6776,张
6777,阿宫腔
6778,何昌文
6778,黄勇说
6779,郭鹏
6779,叶兴文
6780,赵桥
6780,李清凌
6781,秋佳节
6781,陈悦)
6783,宁夏人
6783,银川舰
6783,黄河楼
6784,张多
6784,孙云柯
6785,朱海燕
6785,周宣
6785,刘奕楠
6785,张璟怡
6786,胡晓明
6787,赵新
6787,张爱玲
6787,刘兵战
6788,张爱莲
6788,张笛
6789,林家豪
6789,吴德芳
6790,牛良玉
6790,米所蕴含
6791,金睿
6795,陈皮村
6795,梁启超
6796,吴志强
6797,凌云
6798,李梓瑜
6801,欢动·马耳山
6801,运动·马耳山
6806,刘文俭
6807,白庚胜
6808,沈铁梅
6810,旅彰文
6810,朱砂古镇
6811,果果
6815,富脑袋
6815,郑瑞洋
6816,史莉
6817,李群
6817,王晨阳
6817,罗陈娟
6820,尹梦奇
6822,李宇果
6823,德束
6824,苏瑞厚
6826,敛巧饭
6828,沈阳话
6828,话剧人
6830,麦文雄
6830,张秦岭
6833,李静忠
6833,田村
6833,许夜
6833,李书记
6833,刘爱明
6834,卢作孚
6834,周鸣鸣
6834,张蔓
6835,孙威
6835,越窑乡
6836,清心安
6838,扎帐
6838,尹志杰
6839,屈原
6839,橘颂
6839,黄
6841,薛冰
6841,袁裕陵
6841,陆远
6841,陈卫新
6842,陈声强
6842,吴光祖
6842,庞伟元
6843,杨华仁
6843,曹禺
6843,卓尔
6843,王本伦
6844,叶红钢
6844,温宝良
6844,陈梦阳
6844,李铮
6846,清涟
6848,吴简是
6848,王立华
6849,黄洁静
6849,伍迁
6850,青山长
6853,钟伟锋
6854,王占丛
6856,王彪说
6856,皖电
6856,细化微
6857,尧文化
6859,陈红霞
6860,南山乡
6860,毛南
6860,廖庆凌
6861,谢慧琴
6862,木兰村
6863,黄
6863,覃
6863,马倩华
6866,黄海龙
6867,旅分会
6867,张竞元
6873,张丽侠
6878,易俊宏
6880,斗笠汉
6880,张植富
6880,杨婷
6880,杨兰
6880,王秀芳
6880,富便
6880,大畅
6880,杨雪
6882,文化兴
6883,尹晓兰
6884,张连春
6885,肖光华
6885,喊竹
6885,周俊
6886,江凌说
6886,江凌
6887,孙力民
6888,张中华
6889,吴贵利
6890,科康
6890,唐旭
6891,姚玉萍
6892,杨行镇
6892,黄登启
6892,杨凤兰
6892,朱国民
6893,斐
6894,林女士
6894,陈氏祠堂
6894,林峰
6895,顾矮化
6896,刘道强
6898,高峰区
6898,宋城世
6899,罗华庆
6900,伍迁
6900,山水暖
6900,王可文
6901,列备
6901,秦
6902,高玉晓
6903,朱熹
6903,朱子
6903,张敏
6904,乐濛
6904,王宝璋
6904,老贵阳
6904,蔡燕农
6906,区监委
6906,梁海静
6906,谢永辉
6907,旅彰文
6907,张依盟
6908,徐棻
6909,刘金凤
6911,张连志
6911,张道
6913,土瑶书
6913,陶胜平
6913,罗庆梅
6915,王承哲
6915,李
6917,吴凰行
6917,崔伟群
6918,西刘村
6920,张留红
6920,张合义
6920,王军芳
6921,陈锐
6924,格吕特斯
6925,阿克苏非遗
6925,入阿
6926,王阿姨
6927,孙守锴
6928,穆欣欣
6928,周’
6929,郝明金
6929,习近平
6929,田学军
6929,张旭
6929,高培勇
6929,李希奎
6929,黄璐琦
6931,马慧娟
6934,韩瑞
6935,省文化
6939,中和
6945,大禹
6945,鲁迅
6946,张理想
6949,天·融情
6950,徐波
6950,熊晓鸽
6950,高榕
6950,张震
6955,钱塘区
6956,光明
6957,王仁湘
6957,王志安
6957,易华
6957,高天佑
6957,王建华
6957,王国强
6960,孙爱林
6960,刘洵梦
6961,高地于
6962,邓勇
6962,刘冬顺
6965,尧
6966,鲁沟
6967,汪婀娜
6968,李建刚
6971,刘坚
6971,翟虎渠
6971,李伟国
6972,时节·大寒
6975,亚明
6975,叶舟
6976,程永华
6976,刘玉宏
6976,丁国旗
6976,张心亮
6976,安德明
6978,赋弦
6979,黄中贤
6981,胡和平
6981,习近平
6982,高天
6983,沙龙
6983,许迪
6986,翁文磊
6986,黄绮
6986,沈慧琴
6986,张愉
6987,汤显祖
6987,张银华
6988,王新勇
6989,共育文
6989,南桥源
6993,马晨骋
6993,陈雨人
7000,布朗
7000,牛腿琴
7002,李新
7002,李金克
7004,黄坤明
7006,杨国宗
7006,陈真永
7008,习近平
7009,习近平
7010,习近平
7013,河南·戏剧
7014,杨靖宇
7014,焦裕禄
7015,吉川
7015,张可喜
7016,赵红川
7018,鲁文化
7018,刘勰故
7019,张然
7019,张紫赟
7019,陈爱平
7019,魏婧宇
7021,栗建安
7021,李群说
7022,吴江三
7023,庄学
7023,王立胜
7023,张国祚
7027,旅小镇
7027,古藏
7027,郭吾古堡
7028,习近平
7029,柿岩
7034,唐友波
7034,江群勤
7036,黄坤明
7037,文化团
7038,王晓晖
7039,杨露
7039,司马
7039,安乐寨村
7039,子夏
7039,朱家庄村
7039,陈家沟村
7041,白查村
7044,郭京京
7045,博古溯金
7045,古法金
7045,刘悠扬
7046,凌明
7046,董翠平
7047,杨启红
7048,张晋
7049,王惠君
7050,尹星云
7051,刘颖颖
7051,美美
7052,梅涛
7052,王理略
7052,张歆
7052,鄂文
7053,永商镇
7053,尚合村
7054,黄帆
7054,金炳权
7056,刘志新
7060,李娜
7060,张地委
7060,鲁青
7060,杨逢春
7061,曹海军
7061,王琳琳
7062,米箩镇
7063,刘畅畅
7064,林青
7064,兰毅
7065,路红莉
7067,游笑春
7068,金容集
7069,武一丹
7069,英华人
7069,童学军
7069,邱天祥
7070,啤酒正
7070,陈锋
7072,智泓
7072,黄建中
7073,王刚
7073,张晓
7073,刘芍佳
7075,王星
7075,赵唯淞
7076,王星
7076,赵唯淞
7077,王星
7077,赵唯淞
7078,张志兵
7081,文旅局
7082,王晓
7083,牛良玉
7083,乐东站
7085,王巍
7085,聚落群
7085,王巍说
7086,蒋乐平
7087,赵辉
7088,陈星灿
7089,陈同滨
7090,黄沁园
7092,赵青
7092,牛歌
7092,钱君介
7092,吴伟
7092,洪民
7092,周华
7094,杨华珍
7094,张强
7095,李
7095,图③
7095,田如瑞
7095,图④
7095,许斌华
7095,图⑤
7095,杨雪亮
7095,欧东衢
7095,许丛军
7103,萧海川
7103,王磊
7106,陆游
7108,习近平
7109,银铜器
7110,孔子
7112,旅景区
7113,何蕊
7114,刘平
7114,孙颖
7114,苗军
7115,潘之望
7115,赵莹莹
7116,董家训
7118,王海欣
7119,熊瑞丽
7120,唐丽
7121,王姗
7122,魏彤
7123,文化宴
7123,喜庆年
7124,胡馨萌
7126,杨志伟
7128,张莎
7128,谐面
7128,金婚
7129,弈图
7129,焦秉贞
7129,道家
7129,王粲
7132,法不阿贵
7132,郭齐勇
7133,习近平
7134,习近平
7137,牛文化
7140,李晓红
7144,王访贤
7144,贾梦
7144,白麻色
7145,岁丰·鱼水
7145,徐昱
7148,金钱板
7150,丁磊
7150,卡德尔·热合曼
7150,王菲
7150,且木·吐尔拜
7150,曹光耀
7150,马坤
7150,史兴林
7152,荣兴村
7152,辑里村
7153,习近平
7156,锋沙溪
7156,光明
7156,陈家铺村
7156,毛继鸿
7156,张雷
7158,土歌
7164,马克·埃弗拉德
7164,张晶
7167,冯饶
7169,西五里营村
7169,金亮
7170,姚建萍
7170,居化
7172,桑建国
7172,黄晓雨
7173,袁亮
7174,王承昊
7174,沙龙
7175,丁梓懿
7176,林郑月娥
7177,丁梓懿
7178,郝亚琳
7178,张显
7179,喻珮
7179,田中全
7180,苏力雅
7180,陈霜
7181,宫若涵
7182,黄坤明
7182,习近平
7183,胡佳丽
7184,蒋声雄
7184,黄硕
7185,林朝晖
7185,阿夫达拉
7185,弗朗西斯科·杜兰
7186,邓倩
7186,洪孟启
7186,林献堂
7187,田中
7187,郭丹
7188,郭丹
7188,郭威
7188,井上
7189,王优玲
7189,吕舟说
7190,王晨
7191,余俊杰
7193,余俊杰
7193,雷佳
7193,蔡国庆
7195,安蓓
7196,白阳
7197,赵博
7197,叶圣陶
7197,蔡达峰
7199,倪元锦
7199,牛品品
7199,牛观观
7199,牛笑笑
7199,牛犇犇
7201,余俊杰
7202,刘结一
7202,黄志贤
7203,刘结一
7203,黄志贤
7204,黄坤明
7205,黄坤明
7205,习近平
7206,米夏埃尔·许勒尔
7206,朱晟
7206,张远
7206,许勒尔
7207,玛丽亚·加布里埃尔
7208,刘子峰
7209,卢金福
7209,余
7211,吴志华
7211,创馆
7211,吴晓初
7212,林郑月娥
7214,卓嘎
7215,马雪梅
7221,习近平
7222,周月光
7222,武威
7223,陈胜
7224,徐黎明
7228,朱锡昂
7228,李存集
7228,王力
7229,习近平
7232,习近平
7232,郭斌
7233,习近平
7238,希尔德
7238,斯瓦西里语
7239,丁真
7240,王振平
7243,钟管镇
7243,姚萍
7244,刘瑞
7248,习近平
7248,扎当村
7248,索朗德吉
7250,张斌
7251,老把戏
7251,愧对党
7251,黄粱美梦
7251,刘奕麟
7251,徐梦龙
7254,习近平
7255,习近平
7256,文化卷
7261,赵正基
7263,旅彰文
7263,夏尔巴
7263,吞弥·桑布
7263,扎于
7264,朱默涵
7265,阿佳
7266,洪晃
7266,钟雯
7266,曹明权
7266,黄观友
7267,高甲戏
7267,林侃
7269,李浩摄
7273,吕明
7273,梁厝村
7274,何必良
7274,鹏程
7276,爱泉
7277,小林
7277,陈小桃
7277,简省
7277,雷同化
7277,陈小淘
7278,杨靖岫
7282,遗展厅
7283,张健
7284,沈杰群
7286,吴寿宜
7289,陈锡明
7290,刘悠扬
7291,王连灵
7292,汤
7292,汤盲盒
7292,汤口味
7295,盛铜
7296,潘鲁生
7296,王晓辉
7296,胡俊
7297,云澜湾
7299,吉林·九台
7299,林少华
7299,阿姨抖
7301,省文化
7306,张颖
7306,刘冬云
7306,王艺霖
7307,刘政宁
7307,黄亚辉
7307,张涛
7308,冯文彦
7308,火锅星光大道
7308,佩姐
7308,刘一手
7308,周师兄
7308,秦妈
7308,庖丁家
7308,朱光玉
7310,蒋亚男
7311,刘政宁
7311,冯良
7313,冯文彦
7314,金刀峡镇
7317,陈文
7317,魏晓东
7317,吴云斌
7318,刘政宁
7318,徐雯瑄
7319,刘政宁
7319,李洁
7322,周为始
7322,沙龙
7323,古路镇
7323,刘政宁
7324,沙龙
7325,古韵·花漾
7325,林舍
7326,刘政宁
7327,冯文彦
7328,高新波
7328,重邮
7328,叶泽阳
7330,金凤镇
7331,周娅
7331,领事巷
7333,秦轩
7333,秦
7333,北文
7333,刘政宁
7333,徐雯瑄
7335,金秋·盛惠
7335,陈科儒
7335,必吃榜
7335,刘政宁
7336,叶宾得
7336,无骨花灯
7337,杨帆
7337,戴世双
7338,王星
7339,王星
7339,墨库
7339,文宏武
7340,王星
7341,王星
7342,王星
7343,王星
7343,张晨牧
7344,李语
7344,林绮虹
7345,刘阳
7346,李乃妍
7347,衣裳街
7347,状元街
7347,林志添
7351,曹康荣
7352,宋文新
7352,刘守民
7353,张瀚祥
7354,辉
7354,罗格曾
7355,新闻·大河报
7355,张超文
7356,高凯)
7361,谭凤
7361,哈姆雷特
7361,欧文
7361,红楼
7361,贾宝玉
7361,曹雪芹
7363,旅创
7364,省文化
7364,李远辉
7364,牛自然
7366,习近平
7368,乔羽
7369,越潮
7369,何俊杰
7372,王辉说
7372,李瑶
7372,邓伟
7373,单环线
7376,老旧书
7381,徐丽
7382,童
7383,袁亮
7384,边钰
7386,吕铁义
7388,尚武之风
7388,林风
7388,俞
7388,郑成功
7388,施琅
7388,林兴珠
7388,陈化成
7391,莎姐
7392,张家沟
7393,吴一凡
7395,赵秀玲
7395,韩业
7395,王嘉鹏
7396,海红
7396,黄河岸
7396,丁香
7397,黄河古
7408,王丽红
7412,高14
7412,王
7418,李园园
7422,吴
7423,习近平
7426,陈晓曼
7426,张瑞
7426,张惠卿
7427,谭倩妮
7431,路春红
7434,郎朗
7434,尚博英
7434,乐季
7435,刘莉莉
7436,骆倩
7436,方非
7437,周
7437,李俐
7438,方非
7439,琳琅美器
7439,崔毅飞
7439,魏彤
7441,高14
7442,王铁汉
7444,聂家庄
7444,孙伯镇
7444,马堤村
7450,嘉措
7452,汤超
7453,郭义强
7453,王晓峰
7453,湖北·武汉
7458,辽滨塔
7459,奎湖村
7460,郭斌
7465,邓伟
7465,潘福达
7467,周大新
7467,韩浩月
7468,王洁涵
7469,吟诵课
7469,王树成
7470,张爱虎
7470,李春梅
7471,王理略
7471,鄂文旅
7472,王理略
7472,王星星
7472,湖北·武汉
7473,汪训
7473,赵辉
7476,贺云翱
7476,廖昌永
7478,黄震说
7480,冯芸
7480,马涛
7480,齐续春
7480,习近平
7481,邓豪俣
7481,王申
7483,遂昌·诸暨
7483,徐可良
7484,王晓溪
7485,刘小平
7485,罗林虎
7485,何香凝
7485,何林穗
7485,柳亚子
7486,朱泥壶
7486,吴六奇
7488,马未都
7490,张江镇
7490,奚
7492,刘畅
7496,孟兴
7497,梁启
7500,王
7503,赵书勇
7506,麦秆画
7508,古夫镇
7509,习近平
7510,熊芳雨
7510,汪伟秋
7511,王泳婷
7511,盛放厅
7511,东泰
7511,北P1
7512,赵越
7512,赵汉
7512,唐
7512,徐悲鸿
7514,周
7515,光明
7518,习近平
7520,黄合水
7520,葛凯奇
7521,悟思
7521,宫
7522,丁知竹
7524,陈振濂
7524,范迪安
7526,马琼英
7526,李艳苹
7526,绘制党
7526,王菊兰
7526,赵书勇
7527,芨称
7529,陈卫中
7529,张掖多
7529,戴斌
7530,二人转
7530,胡日
7530,高敏娜
7530,赵洹
7533,张昕
7533,吴薇
7536,马尾大
7536,可耕
7536,王晓霞
7537,王学雷
7539,仁青
7539,王佳豪
7547,刘鑫焱
7548,刘鑫焱
7548,乔栋
7549,刘峰
7550,骆倩雯
7550,京气
7551,李俐
7552,李俐
7552,逛京城
7553,李俐
7553,ijing
7554,朱松梅
7555,袁璐
7556,叶晓彦
7557,武文娟
7557,桥梓
7557,桥梓乡
7558,王皓
7558,宋佳音
7558,陈吉宁
7559,王广燕
7559,孙若风
7559,王铭
7559,罗伯特·赫茨纳
7559,霍庆顺
7560,王广燕
7560,莫高义
7560,朱国贤
7560,刘忻
7560,绘图书
7561,王广燕
7561,甘楠
7562,王斌
7563,王斌
7564,王斌
7564,兔儿爷
7565,王斌
7565,王小铮
7565,吴维月
7566,王斌
7566,叶岭
7566,依依飘零
7566,叶灼灼
7567,孙云柯
7567,李彩艳
7567,温来生
7568,孙颖
7569,孙颖
7570,宋佳音
7571,任珊
7572,路艳霞
7572,王宁之
7573,刘婧
7574,林艳
7575,李泽伟
7576,李泽伟
7577,李瑶
7578,李瑶
7579,李瑶
7580,李洋
7580,刘慈欣
7580,梵高
7581,李洋
7581,王雯
7582,李祺瑶
7583,李祺瑶
7583,陈名杰
7584,李祺瑶
7584,习近平
7585,李俐
7586,李俐
7586,张玉彪
7586,刘璐璐
7587,李俐
7587,ijing
7588,李俐
7588,韩轩
7588,侯振刚
7589,李佳
7590,雷嘉
7591,韩轩
7591,莫高义
7592,崔毅飞
7592,琳琅美器
7592,魏彤
7593,王宏伟
7593,旅厅
7594,田若楠
7594,秦东镇
7594,沙梁村
7595,田若楠
7595,桥儿沟
7596,李卫
7596,主街区
7597,李卫
7597,汤峪镇
7598,李卫
7599,李卫
7600,李卫
7601,李卫
7602,黄琪奥
7603,丁宏波
7604,程刚
7606,张盼
7606,付辉东
7607,叶晓彦
7607,赵莹莹
7607,韩
7607,何福胜
7607,马一德
7607,齐玫
7607,韩永进
7608,刘刚
7610,杨宁
7611,王露
7611,田村
7612,罗
7613,刘国祥
7613,卢兆荫
7613,赵晓霞
7615,黄西勤
7616,翟金明
7617,王明峰
7617,中科院地理所
7618,亢舒
7618,黄艳
7619,郑海鸥
7619,云展
7620,郑海鸥
7620,云展
7621,程龙
7622,刘峰
7623,潘俊强
7624,赵晓霞
7625,陈劲松
7626,王珂
7626,郑海鸥
7627,金晨
7628,郑瑜涵
7628,奥场馆
7628,韩子荣
7629,郑海鸥
7629,王珂
7629,侯振刚
7630,赵晓霞
7630,关强
7630,拉乍赫·伊伦
7631,贺勇
7631,周在园
7632,陈宁说
7632,张旭为
7632,陈谷仓
7633,韩永进
7633,何福胜
7638,林欣颖
7638,毛女士
7638,旅彰文
7638,周林
7639,宁行
7640,萃展
7641,叶青酒
7641,杨波
7641,叶青
7642,叶岭
7642,依依飘零
7642,叶灼灼
7642,王斌
7644,省文化
7644,习近平
7648,朱子学
7648,朱清
7648,王岳
7648,沙龙
7651,罗目镇
7651,王作平
7652,王家坝
7654,齐歌
7654,蔡葩
7655,陈飞
7656,姜明
7657,金丝帽
7657,米玛罗布
7657,罗布
7657,扎囊儿
7658,马兴瑞
7658,习近平
7659,郑宏范
7659,习近平
7660,连茂君
7660,黄克力
7660,李茁
7660,张弢
7660,梁春早
7660,王国良
7660,徐晶晶
7661,王蓉
7661,莫雅娟
7664,黄坤明
7665,毛思倩
7666,王磊
7666,冯雪玉
7667,魏司
7667,李颖
7667,李菲菲
7668,杨少昆
7668,壹·艺生辉
7671,郭丹
7672,孙瑞博
7673,刘云
7673,拉动文
7676,陈元才
7677,冯雪玉
7678,李小甘
7681,谢广祥
7681,范孝东
7682,郭沫若
7682,夏衍
7682,李四光
7682,张锦辉
7684,郭隋曦
7685,导队
7688,蓥山
7689,郝明金
7689,陈兴超
7689,习近平
7691,黄河·河曲
7693,周紧
7694,龚艳平
7694,王媛
7695,杨逢春
7695,黄梅戏
7695,邓稼先
7696,扁肉
7696,沙县区
7696,徐文锦
7696,肖首洲
7697,王杰群
7698,曲德君
7699,高书生
7700,李峰家
7700,汪艳
7703,娄勤俭
7703,习近平
7704,孔繁森
7705,黄河魂
7707,周姝
7710,幸军
7713,齐岚森
7714,平头沟
7714,梁坡村
7715,郭菲
7715,吴
7715,郭博士
7715,郭
7715,高丽媚
7716,侯大伟
7718,游庆辉
7719,文艺汇
7720,许澎
7720,王信章
7720,罗伟娟
7722,梅绽
7722,李博
7724,杨逢春
7725,瞿昙寺
7726,昌都·卓卓康
7726,卓玛
7727,林少春
7728,尹建业
7728,刘铁流
7729,旅万
7730,王春平
7732,陈真永
7732,习近平
7732,木田
7737,习近平
7737,信长
7738,大徐
7738,贡井区委
7739,张旭
7739,郭静雯
7740,习近平
7741,王
7741,阎晓宏
7741,周勇
7741,戴娟
7742,周姝
7745,从呼
7745,海红
7745,黄河岸
7745,丁香
7745,金莲
7746,沈晓明
7747,韩毅
7748,张德华
7748,李鸿祥
7750,王嘉
7752,韩毅
7752,张亦筑
7753,金刚碑
7753,龙丹梅
7753,秦廷
7754,王景萍
7758,王翔
7759,白九江
7759,白
7759,张凌漪
7761,沈晓明
7761,习近平
7761,苏东坡
7762,陈建伟
7762,土砂锅
7767,王晓燕
7768,张福锁
7768,王磊
7769,王强
7769,吴以环
7769,韩文嘉
7771,王杰群
7771,傅洋
7774,阿布·奥贝德
7774,闵
7774,伊本·胡尔达兹
7774,贾耽
7774,停泊港
7774,阿曼人
7774,万里
7774,郑和宝
7774,郑和率
7774,郑和
7774,苏哈尔号
7774,郑和能
7780,张国荣
7782,主题片
7785,周跃东
7786,柴思源
7787,鞍山线
7788,龙文
7788,李寒露
7788,徐庶
7791,张旭为
7792,姜克红
7793,张晓亮
7796,隋二
7797,陈振海
7798,杨利摄
7799,沙龙
7800,李健
7802,习近平
7804,马璐
7805,习近平
7805,庄兆林
7806,冯玉坤
7807,曾家山
7807,崔保华
7807,云开幕
7808,周新娟
7808,刘砺
7808,王嘉
7810,林郑月娥
7810,严迅奇
7813,韩文嘉
7814,蒋启明
7814,盛佳鹏
7815,杨浩翰
7815,黄敏
7815,蔡永明
7815,何泳
7817,曹鹏
7817,肖江华
7818,爱国·爱家
7819,丁研摄
7819,李樊
7819,王馨悦
7821,湖北·武汉
7821,王晶
7821,鄂文旅
7822,浙江·百县千
7825,赵月霞
7825,习近平
7825,梅卓
7825,李夫成
7826,肖开
7826,旅文局
7826,巩明磊
7827,盛宴·山海
7827,角办
7829,高燕
7829,张居波
7830,李瑞群
7831,孙自法
7833,江凌
7834,郭晓玲
7835,杜家毫
7837,邢善萍
7837,刘献祥
7837,习近平
7837,林徽因
7838,省文化
7841,郝飞
7842,万象
7843,梁桂
7844,王强
7844,张华等
7844,韩
7844,文嘉 肖雄鹏
7845,范周
7845,康建国
7848,旅兴县
7849,韩旭
7850,文旅局
7850,森山
7851,苏赢
7851,纳兰正秀
7852,旅体局
7853,邓小平
7853,邓林
7853,张学成
7854,邢善萍
7855,新闻·大河报
7855,王峰
7855,孟宪明
7856,丁素
7857,惠民镇
7857,苏国文
7857,茶祖节
7858,光明
7860,胡晶晶
7860,乔夕辰
7860,许言立志
7860,沈杰群
7863,闫晓东
7866,白岩松
7866,张曼玉
7868,刘平
7868,王洋
7869,穆罕默德·扎克里
7871,孙京菊
7872,大悦城·青年
7872,文化市
7873,王
7874,习近平
7875,习近平
7876,张琪
7878,郑州商
7879,朱子
7879,李雪香
7879,朱氏入
7881,王鑫点
7881,英烈园
7882,高安市
7883,沙龙
7883,王景萍
7885,省文化
7886,赵永清
7886,雷东生
7886,王和山
7886,杨培君
7886,王紫云
7887,吴喜庆
7888,金城
7892,青松办
7893,银川·云享
7893,黄河自
7893,黄河线
7893,王沛瑶
7894,光明
7895,觉果
7896,陈琦
7896,许平
7896,左景鉴
7896,司徒亮
7896,王鸣岐
7896,李宗明
7896,董少贤
7896,朱祯卿
7896,吴茂娥
7896,卢惠清
7898,张怡致
7901,柏柱洋
